ring_id,ring_type,camouflage_level,account_id,is_adversarial,attack_id
ring_f8563ec26b,shared_infra_promo_abuse,easy,customer_f618f66fbf,False,
ring_f8563ec26b,shared_infra_promo_abuse,easy,customer_44b7faaa8b,False,
ring_f8563ec26b,shared_infra_promo_abuse,easy,customer_f6c06a942a,False,
ring_f8563ec26b,shared_infra_promo_abuse,easy,customer_30813d3b62,False,
ring_f8563ec26b,shared_infra_promo_abuse,easy,customer_967b58b91b,False,
ring_f8563ec26b,shared_infra_promo_abuse,easy,customer_265c1ea706,False,
ring_832789bb8b,shared_infra_promo_abuse,easy,customer_0f7b636fc3,False,
ring_832789bb8b,shared_infra_promo_abuse,easy,customer_c7d4ef85d0,False,
ring_832789bb8b,shared_infra_promo_abuse,easy,customer_26be28e7f5,False,
ring_832789bb8b,shared_infra_promo_abuse,easy,customer_0b13d86853,False,
ring_832789bb8b,shared_infra_promo_abuse,easy,customer_03b94231a2,False,
ring_832789bb8b,shared_infra_promo_abuse,easy,customer_9cf4dc280d,False,
ring_832789bb8b,shared_infra_promo_abuse,easy,customer_be1d62bfb7,False,
ring_832789bb8b,shared_infra_promo_abuse,easy,customer_4400787453,False,
ring_832789bb8b,shared_infra_promo_abuse,easy,customer_98a0646638,False,
ring_832789bb8b,shared_infra_promo_abuse,easy,customer_9ecc816405,False,
ring_832789bb8b,shared_infra_promo_abuse,easy,customer_0f9665d525,False,
ring_832789bb8b,shared_infra_promo_abuse,easy,customer_6525672840,False,
ring_832789bb8b,shared_infra_promo_abuse,easy,customer_58ae15a483,False,
ring_717f60762d,shared_infra_promo_abuse,easy,customer_5a392b5bec,False,
ring_717f60762d,shared_infra_promo_abuse,easy,customer_28188568ce,False,
ring_717f60762d,shared_infra_promo_abuse,easy,customer_0ede044656,False,
ring_717f60762d,shared_infra_promo_abuse,easy,customer_54cbdcd9b4,False,
ring_717f60762d,shared_infra_promo_abuse,easy,customer_bd537c8637,False,
ring_717f60762d,shared_infra_promo_abuse,easy,customer_99bdaf1dc9,False,
ring_717f60762d,shared_infra_promo_abuse,easy,customer_bb4e0db686,False,
ring_717f60762d,shared_infra_promo_abuse,easy,customer_ad3ca70ad7,False,
ring_717f60762d,shared_infra_promo_abuse,easy,customer_a9eca538bb,False,
ring_717f60762d,shared_infra_promo_abuse,easy,customer_0470042629,False,
ring_717f60762d,shared_infra_promo_abuse,easy,customer_81ea11a79c,False,
ring_717f60762d,shared_infra_promo_abuse,easy,customer_28cbd9877e,False,
ring_717f60762d,shared_infra_promo_abuse,easy,customer_2843735079,False,
ring_719a5809ff,shared_infra_promo_abuse,medium,customer_02c0c7366d,False,
ring_719a5809ff,shared_infra_promo_abuse,medium,customer_4730399613,False,
ring_719a5809ff,shared_infra_promo_abuse,medium,customer_ae71b07b05,False,
ring_719a5809ff,shared_infra_promo_abuse,medium,customer_7cf508ded0,False,
ring_719a5809ff,shared_infra_promo_abuse,medium,customer_5deadec8b0,False,
ring_719a5809ff,shared_infra_promo_abuse,medium,customer_4346239d2d,False,
ring_719a5809ff,shared_infra_promo_abuse,medium,customer_99f80a5143,False,
ring_719a5809ff,shared_infra_promo_abuse,medium,customer_66de06aa9f,False,
ring_719a5809ff,shared_infra_promo_abuse,medium,customer_60e7d3ba6f,False,
ring_8d0361ec2c,shared_infra_promo_abuse,medium,customer_49b9c58f9e,False,
ring_8d0361ec2c,shared_infra_promo_abuse,medium,customer_ddec4b9aad,False,
ring_8d0361ec2c,shared_infra_promo_abuse,medium,customer_f9ae5837ec,False,
ring_8d0361ec2c,shared_infra_promo_abuse,medium,customer_698aeca592,False,
ring_8d0361ec2c,shared_infra_promo_abuse,medium,customer_32e0ad2811,False,
ring_8d0361ec2c,shared_infra_promo_abuse,medium,customer_c9f62eea6b,False,
ring_8d0361ec2c,shared_infra_promo_abuse,medium,customer_f806232936,False,
ring_8d0361ec2c,shared_infra_promo_abuse,medium,customer_5c40e4797b,False,
ring_8d0361ec2c,shared_infra_promo_abuse,medium,customer_ee49ce4677,False,
ring_8d0361ec2c,shared_infra_promo_abuse,medium,customer_360bb8a8da,False,
ring_8d0361ec2c,shared_infra_promo_abuse,medium,customer_3f100b24b8,False,
ring_c4e2a58a61,shared_infra_promo_abuse,medium,customer_b6035c7cd3,False,
ring_c4e2a58a61,shared_infra_promo_abuse,medium,customer_4d59686ea1,False,
ring_c4e2a58a61,shared_infra_promo_abuse,medium,customer_16f545926d,False,
ring_c4e2a58a61,shared_infra_promo_abuse,medium,customer_37b77542d4,False,
ring_c4e2a58a61,shared_infra_promo_abuse,medium,customer_70c43561e4,False,
ring_c4e2a58a61,shared_infra_promo_abuse,medium,customer_af1b051691,False,
ring_c4e2a58a61,shared_infra_promo_abuse,medium,customer_a1663e5c83,False,
ring_c4e2a58a61,shared_infra_promo_abuse,medium,customer_c13c1f48c2,False,
ring_c4e2a58a61,shared_infra_promo_abuse,medium,customer_b31de3c9c2,False,
ring_f6d426abee,shared_infra_promo_abuse,hard,customer_099d094ec0,False,
ring_f6d426abee,shared_infra_promo_abuse,hard,customer_d9e6734414,False,
ring_f6d426abee,shared_infra_promo_abuse,hard,customer_27a7d3a85d,False,
ring_f6d426abee,shared_infra_promo_abuse,hard,customer_de20564c54,False,
ring_f6d426abee,shared_infra_promo_abuse,hard,customer_dbb0bffb39,False,
ring_f6d426abee,shared_infra_promo_abuse,hard,customer_97ec77bf63,False,
ring_f6d426abee,shared_infra_promo_abuse,hard,customer_b5a1a72d47,False,
ring_f6d426abee,shared_infra_promo_abuse,hard,customer_e2f4822439,False,
ring_f6d426abee,shared_infra_promo_abuse,hard,customer_f087c73111,False,
ring_f6d426abee,shared_infra_promo_abuse,hard,customer_f2261b41f9,False,
ring_582439090f,shared_infra_promo_abuse,hard,customer_4d6883715e,False,
ring_582439090f,shared_infra_promo_abuse,hard,customer_0ed960f23b,False,
ring_582439090f,shared_infra_promo_abuse,hard,customer_eb1814c148,False,
ring_582439090f,shared_infra_promo_abuse,hard,customer_b5d308f644,False,
ring_582439090f,shared_infra_promo_abuse,hard,customer_2760ece6bf,False,
ring_582439090f,shared_infra_promo_abuse,hard,customer_b4e72738c9,False,
ring_582439090f,shared_infra_promo_abuse,hard,customer_ad4b028614,False,
ring_582439090f,shared_infra_promo_abuse,hard,customer_9c5e75547d,False,
ring_17b61ea20b,circular_flow_laundering,easy,merchant_c0add14608,False,
ring_17b61ea20b,circular_flow_laundering,easy,merchant_1a80903d20,False,
ring_17b61ea20b,circular_flow_laundering,easy,merchant_f9b4900483,False,
ring_17b61ea20b,circular_flow_laundering,easy,merchant_652c0d6a9a,False,
ring_0cc89dfe6d,circular_flow_laundering,easy,merchant_b486df666d,False,
ring_0cc89dfe6d,circular_flow_laundering,easy,merchant_1a44172bc3,False,
ring_0cc89dfe6d,circular_flow_laundering,easy,merchant_441826b109,False,
ring_0cc89dfe6d,circular_flow_laundering,easy,merchant_2b741e4369,False,
ring_0ae3345489,circular_flow_laundering,medium,merchant_eea28dee9d,False,
ring_0ae3345489,circular_flow_laundering,medium,merchant_b23a381349,False,
ring_0ae3345489,circular_flow_laundering,medium,merchant_ca9c06d772,False,
ring_0ae3345489,circular_flow_laundering,medium,merchant_18352e6a9a,False,
ring_0ae3345489,circular_flow_laundering,medium,merchant_9b00e53d14,False,
ring_95b92e0d3d,circular_flow_laundering,medium,merchant_48356a49fb,False,
ring_95b92e0d3d,circular_flow_laundering,medium,merchant_44e79fec75,False,
ring_95b92e0d3d,circular_flow_laundering,medium,merchant_0c009beab3,False,
ring_95b92e0d3d,circular_flow_laundering,medium,merchant_313010dd2b,False,
ring_95b92e0d3d,circular_flow_laundering,medium,merchant_39ecff0fde,False,
ring_1f906bb765,circular_flow_laundering,hard,merchant_6c7677e296,False,
ring_1f906bb765,circular_flow_laundering,hard,merchant_fa2279e3e4,False,
ring_1f906bb765,circular_flow_laundering,hard,merchant_dda2c7766c,False,
ring_1f906bb765,circular_flow_laundering,hard,merchant_2a49b1508e,False,
ring_1f906bb765,circular_flow_laundering,hard,merchant_445750134b,False,
ring_1f906bb765,circular_flow_laundering,hard,merchant_143f8309d0,False,
ring_1f906bb765,circular_flow_laundering,hard,merchant_961039df54,False,
ring_1f906bb765,circular_flow_laundering,hard,merchant_899a0b5d7b,False,
ring_f37b383722,circular_flow_laundering,hard,merchant_33b7e12df7,False,
ring_f37b383722,circular_flow_laundering,hard,merchant_15ae473de1,False,
ring_f37b383722,circular_flow_laundering,hard,merchant_8e826ae497,False,
ring_f37b383722,circular_flow_laundering,hard,merchant_3168b8abf8,False,
ring_8c629c065d,lockstep_chargeback_ring,easy,customer_9be9f26d8a,False,
ring_8c629c065d,lockstep_chargeback_ring,easy,customer_ab16a414b1,False,
ring_8c629c065d,lockstep_chargeback_ring,easy,customer_abd9c970a4,False,
ring_8c629c065d,lockstep_chargeback_ring,easy,customer_d01e615365,False,
ring_8c629c065d,lockstep_chargeback_ring,easy,customer_00ca687242,False,
ring_8c629c065d,lockstep_chargeback_ring,easy,customer_3e78791153,False,
ring_8c629c065d,lockstep_chargeback_ring,easy,customer_b09dc70f7c,False,
ring_d18befff52,lockstep_chargeback_ring,easy,customer_3f950cb3a3,False,
ring_d18befff52,lockstep_chargeback_ring,easy,customer_86776820d2,False,
ring_d18befff52,lockstep_chargeback_ring,easy,customer_ce6eb622de,False,
ring_d18befff52,lockstep_chargeback_ring,easy,customer_6e44b15644,False,
ring_d18befff52,lockstep_chargeback_ring,easy,customer_b7516bb90f,False,
ring_d18befff52,lockstep_chargeback_ring,easy,customer_e97c0e45f4,False,
ring_d18befff52,lockstep_chargeback_ring,easy,customer_612bbf8019,False,
ring_d18befff52,lockstep_chargeback_ring,easy,customer_57bdef7dfc,False,
ring_d18befff52,lockstep_chargeback_ring,easy,customer_414e31bfa0,False,
ring_f5bafd50da,lockstep_chargeback_ring,easy,customer_b43aa04710,False,
ring_f5bafd50da,lockstep_chargeback_ring,easy,customer_8999178f0a,False,
ring_f5bafd50da,lockstep_chargeback_ring,easy,customer_14fd30168a,False,
ring_f5bafd50da,lockstep_chargeback_ring,easy,customer_0bc05bbb5a,False,
ring_f5bafd50da,lockstep_chargeback_ring,easy,customer_a94c271b1d,False,
ring_f5bafd50da,lockstep_chargeback_ring,easy,customer_fbadb68cc3,False,
ring_f5bafd50da,lockstep_chargeback_ring,easy,customer_bcba3d5c19,False,
ring_f5bafd50da,lockstep_chargeback_ring,easy,customer_5da2855ae0,False,
ring_f5bafd50da,lockstep_chargeback_ring,easy,customer_6ac01fbd93,False,
ring_c153380463,lockstep_chargeback_ring,medium,customer_4aacbf443a,False,
ring_c153380463,lockstep_chargeback_ring,medium,customer_87116233cf,False,
ring_c153380463,lockstep_chargeback_ring,medium,customer_90b2a5d6b8,False,
ring_c153380463,lockstep_chargeback_ring,medium,customer_b046626ad4,False,
ring_c153380463,lockstep_chargeback_ring,medium,customer_c08d7cce87,False,
ring_c153380463,lockstep_chargeback_ring,medium,customer_0959e1272f,False,
ring_11d8f4ef1a,lockstep_chargeback_ring,medium,customer_695246cad5,False,
ring_11d8f4ef1a,lockstep_chargeback_ring,medium,customer_6e19746ddd,False,
ring_11d8f4ef1a,lockstep_chargeback_ring,medium,customer_7a46cc4e22,False,
ring_11d8f4ef1a,lockstep_chargeback_ring,medium,customer_735c216927,False,
ring_11d8f4ef1a,lockstep_chargeback_ring,medium,customer_6c0fc5b885,False,
ring_11d8f4ef1a,lockstep_chargeback_ring,medium,customer_88ee668d7b,False,
ring_11d8f4ef1a,lockstep_chargeback_ring,medium,customer_64c3684ff2,False,
ring_11d8f4ef1a,lockstep_chargeback_ring,medium,customer_647c80e459,False,
ring_11d8f4ef1a,lockstep_chargeback_ring,medium,customer_dce336b5f7,False,
ring_1455d8b889,lockstep_chargeback_ring,hard,customer_680b4835a9,False,
ring_1455d8b889,lockstep_chargeback_ring,hard,customer_5780af991e,False,
ring_1455d8b889,lockstep_chargeback_ring,hard,customer_af64869b23,False,
ring_1455d8b889,lockstep_chargeback_ring,hard,customer_9b497e53ce,False,
ring_1455d8b889,lockstep_chargeback_ring,hard,customer_938518a8b9,False,
ring_1455d8b889,lockstep_chargeback_ring,hard,customer_e7f2b7a231,False,
ring_1455d8b889,lockstep_chargeback_ring,hard,customer_7cb582b3d2,False,
ring_1455d8b889,lockstep_chargeback_ring,hard,customer_193d9ea44a,False,
ring_1455d8b889,lockstep_chargeback_ring,hard,customer_067882e434,False,
ring_1455d8b889,lockstep_chargeback_ring,hard,customer_c1841d9a49,False,
ring_74395e15d3,lockstep_chargeback_ring,hard,customer_da505dc1aa,False,
ring_74395e15d3,lockstep_chargeback_ring,hard,customer_c21d8f80b2,False,
ring_74395e15d3,lockstep_chargeback_ring,hard,customer_518081aa65,False,
ring_74395e15d3,lockstep_chargeback_ring,hard,customer_e26bd33a90,False,
ring_74395e15d3,lockstep_chargeback_ring,hard,customer_e11e08ffaf,False,
ring_74395e15d3,lockstep_chargeback_ring,hard,customer_a1321dc2db,False,
ring_74395e15d3,lockstep_chargeback_ring,hard,customer_a925de6d09,False,
ring_74395e15d3,lockstep_chargeback_ring,hard,customer_1350808248,False,
ring_74395e15d3,lockstep_chargeback_ring,hard,customer_0121bf67e3,False,
ring_74395e15d3,lockstep_chargeback_ring,hard,customer_3e88144f47,False,
ring_74395e15d3,lockstep_chargeback_ring,hard,customer_b46d1f35ac,False,
attack1_fraudar_camouflage,shared_infra_promo_abuse,adversarial,customer_0ed5310cf7,True,attack1_fraudar_camouflage
attack1_fraudar_camouflage,shared_infra_promo_abuse,adversarial,customer_e43bdf90af,True,attack1_fraudar_camouflage
attack1_fraudar_camouflage,shared_infra_promo_abuse,adversarial,customer_d67a1eb212,True,attack1_fraudar_camouflage
attack1_fraudar_camouflage,shared_infra_promo_abuse,adversarial,customer_f2d9b67a36,True,attack1_fraudar_camouflage
attack1_fraudar_camouflage,shared_infra_promo_abuse,adversarial,customer_7226c2e997,True,attack1_fraudar_camouflage
attack1_fraudar_camouflage,shared_infra_promo_abuse,adversarial,customer_f83df6c486,True,attack1_fraudar_camouflage
attack1_fraudar_camouflage,shared_infra_promo_abuse,adversarial,customer_7bb42c8562,True,attack1_fraudar_camouflage
attack1_fraudar_camouflage,shared_infra_promo_abuse,adversarial,customer_7b1885f60e,True,attack1_fraudar_camouflage
attack1_fraudar_camouflage,shared_infra_promo_abuse,adversarial,customer_b83c266fe9,True,attack1_fraudar_camouflage
attack1_fraudar_camouflage,shared_infra_promo_abuse,adversarial,customer_ef7bde24df,True,attack1_fraudar_camouflage
attack1b_fraudar_corrected,shared_infra_promo_abuse,adversarial,customer_ca557b6916,True,attack1b_fraudar_corrected
attack1b_fraudar_corrected,shared_infra_promo_abuse,adversarial,customer_f568454925,True,attack1b_fraudar_corrected
attack1b_fraudar_corrected,shared_infra_promo_abuse,adversarial,customer_9bb97390e5,True,attack1b_fraudar_corrected
attack1b_fraudar_corrected,shared_infra_promo_abuse,adversarial,customer_e352614d36,True,attack1b_fraudar_corrected
attack1b_fraudar_corrected,shared_infra_promo_abuse,adversarial,customer_62aa50bd04,True,attack1b_fraudar_corrected
attack1b_fraudar_corrected,shared_infra_promo_abuse,adversarial,customer_6f026685c7,True,attack1b_fraudar_corrected
attack1b_fraudar_corrected,shared_infra_promo_abuse,adversarial,customer_9f062836e3,True,attack1b_fraudar_corrected
attack1b_fraudar_corrected,shared_infra_promo_abuse,adversarial,customer_45641a911a,True,attack1b_fraudar_corrected
attack1b_fraudar_corrected,shared_infra_promo_abuse,adversarial,customer_c47b11bc25,True,attack1b_fraudar_corrected
attack1b_fraudar_corrected,shared_infra_promo_abuse,adversarial,customer_b9a0be0c5f,True,attack1b_fraudar_corrected
attack2_copycatch_jitter,lockstep_chargeback_ring,adversarial,customer_dc66111c87,True,attack2_copycatch_jitter
attack2_copycatch_jitter,lockstep_chargeback_ring,adversarial,customer_e21f67cc8c,True,attack2_copycatch_jitter
attack2_copycatch_jitter,lockstep_chargeback_ring,adversarial,customer_bb2c7c2572,True,attack2_copycatch_jitter
attack2_copycatch_jitter,lockstep_chargeback_ring,adversarial,customer_60cdcdfbe2,True,attack2_copycatch_jitter
attack2_copycatch_jitter,lockstep_chargeback_ring,adversarial,customer_a1d1e80346,True,attack2_copycatch_jitter
attack2_copycatch_jitter,lockstep_chargeback_ring,adversarial,customer_eb715bd0db,True,attack2_copycatch_jitter
attack2_copycatch_jitter,lockstep_chargeback_ring,adversarial,customer_67564787b6,True,attack2_copycatch_jitter
attack2_copycatch_jitter,lockstep_chargeback_ring,adversarial,customer_e438f23a05,True,attack2_copycatch_jitter
attack2_copycatch_jitter,lockstep_chargeback_ring,adversarial,customer_2ca2ae2e47,True,attack2_copycatch_jitter
attack2b_copycatch_spaced,lockstep_chargeback_ring,adversarial,customer_141f628a30,True,attack2b_copycatch_spaced
attack2b_copycatch_spaced,lockstep_chargeback_ring,adversarial,customer_4a4e00d855,True,attack2b_copycatch_spaced
attack2b_copycatch_spaced,lockstep_chargeback_ring,adversarial,customer_fe57aaa7cc,True,attack2b_copycatch_spaced
attack2b_copycatch_spaced,lockstep_chargeback_ring,adversarial,customer_f479bc4ee5,True,attack2b_copycatch_spaced
attack2b_copycatch_spaced,lockstep_chargeback_ring,adversarial,customer_59a458ed0c,True,attack2b_copycatch_spaced
attack2b_copycatch_spaced,lockstep_chargeback_ring,adversarial,customer_5a6e03f2a8,True,attack2b_copycatch_spaced
attack2b_copycatch_spaced,lockstep_chargeback_ring,adversarial,customer_83b55872f3,True,attack2b_copycatch_spaced
attack2b_copycatch_spaced,lockstep_chargeback_ring,adversarial,customer_54c4fa4f1c,True,attack2b_copycatch_spaced
attack3_flowscope_delay,circular_flow_laundering,adversarial,merchant_45e5bc7082,True,attack3_flowscope_delay
attack3_flowscope_delay,circular_flow_laundering,adversarial,merchant_feb0511c93,True,attack3_flowscope_delay
attack3_flowscope_delay,circular_flow_laundering,adversarial,merchant_d2ce92df14,True,attack3_flowscope_delay
attack3_flowscope_delay,circular_flow_laundering,adversarial,merchant_4e6eb32208,True,attack3_flowscope_delay
attack3_flowscope_delay,circular_flow_laundering,adversarial,merchant_7099f739eb,True,attack3_flowscope_delay
attack4_cross_detector,cross_detector_hybrid,adversarial,customer_b6b4493344,True,attack4_cross_detector
attack4_cross_detector,cross_detector_hybrid,adversarial,customer_5ce1b028c8,True,attack4_cross_detector
attack4_cross_detector,cross_detector_hybrid,adversarial,customer_a37bd436be,True,attack4_cross_detector
attack4_cross_detector,cross_detector_hybrid,adversarial,customer_6d5dd74b3a,True,attack4_cross_detector
attack4_cross_detector,cross_detector_hybrid,adversarial,customer_6674d12a10,True,attack4_cross_detector
attack4_cross_detector,cross_detector_hybrid,adversarial,customer_050a4863bc,True,attack4_cross_detector
attack4_cross_detector,cross_detector_hybrid,adversarial,customer_e1778abaab,True,attack4_cross_detector
