account_id,ip_id
merchant_76f4c422c1,ip_ec8f6932c4
merchant_76f4c422c1,ip_cd31d15068
merchant_d297bc5cb8,ip_a13edae299
merchant_ef67567a32,ip_4d78dabea7
merchant_1e82b251fb,ip_a31505ccfa
merchant_1e82b251fb,ip_c7e1ac2e2d
merchant_43683671a7,ip_d0a4e6761d
merchant_dea115b177,ip_fbf799ef92
merchant_dea115b177,ip_55e354da86
merchant_e02f69a9e6,ip_76d51e59df
merchant_dac725aa98,ip_0f1c2b33e8
merchant_ced987d1b7,ip_a471c6f550
merchant_611fe2c7a4,ip_7b499ecaa7
merchant_0ef04a24d3,ip_1b7c7c4868
merchant_5c0e0ad16a,ip_9d2594930c
merchant_0b88e5deed,ip_2b2448426e
merchant_955d0ef58c,ip_a13edae299
merchant_bd19748043,ip_6b1bcde5b8
merchant_50642a5ba3,ip_881bcd29eb
merchant_533b76f79e,ip_49c1c32747
merchant_533b76f79e,ip_61b5dc624c
merchant_32dfd968a8,ip_d9881841f2
merchant_32dfd968a8,ip_89490c583c
merchant_e6bfedf8d3,ip_10c59bfc30
merchant_85a984a4af,ip_06dacae0d8
merchant_ade4dd935e,ip_a9f71d5d01
merchant_d8d6fd44ca,ip_68b963091f
merchant_d8d6fd44ca,ip_287a80a644
merchant_d2a420d1e1,ip_c7dcfccdac
merchant_324aaa2dbd,ip_fb265b4a5c
merchant_486ade3696,ip_13241ebdeb
merchant_3f868a4ae4,ip_98412df29c
merchant_4d17ecbefa,ip_e5dd14ee16
merchant_4d17ecbefa,ip_428e431642
merchant_d8c9eefdde,ip_4ad3245395
merchant_d8c9eefdde,ip_14bcec8738
merchant_490ebaa434,ip_aaee119a90
merchant_a2c8cb3913,ip_c24b7b9564
merchant_75d03a8a4f,ip_6b083bccb7
merchant_023afeeaae,ip_4012d0cbfd
merchant_411e45354b,ip_c7e1ac2e2d
merchant_4ee0c40a7c,ip_9c8725d008
merchant_4ee0c40a7c,ip_f87fa5552c
merchant_f196143ae3,ip_a33fb85e0d
merchant_f196143ae3,ip_2c57593d69
merchant_ad651512db,ip_c092f9b86a
merchant_ecb73ddf74,ip_1a3dea9767
merchant_ecb73ddf74,ip_a0bcdfa9ce
merchant_044b057689,ip_191dd28727
merchant_bfd50c3962,ip_7501cfea76
merchant_2c618d37b1,ip_c8df7d37d5
merchant_13373ed8f6,ip_697b0434ab
merchant_62eaba69ed,ip_f431e32e96
merchant_83ff3f8c24,ip_f14b6f1e21
merchant_db2782bfe6,ip_a31505ccfa
merchant_12015ab83d,ip_c18ed402e5
merchant_853ef13172,ip_aa4a480bcb
merchant_325fbc115b,ip_ceff49053a
merchant_b838aaae4b,ip_aec5ac99b1
merchant_da0a454260,ip_4e0a7564b2
merchant_856077ba67,ip_886875c4e8
merchant_366b4dc189,ip_7c2bc87901
merchant_fd17259e8e,ip_d925cb5cfc
merchant_cfd1e174ba,ip_6fd737f9d0
merchant_a2c7c07d5a,ip_113cc18473
merchant_cee52efb18,ip_f060d8464d
merchant_94d1495eb7,ip_466706cf24
merchant_5cc7ba6730,ip_a5c0f6d0a9
merchant_5cc7ba6730,ip_672333f0dc
merchant_e05dad4b44,ip_cc06bdea96
merchant_e05dad4b44,ip_93f0c537fc
merchant_d651598108,ip_0a00cdde3a
merchant_325eb59299,ip_a33fb85e0d
merchant_ac96661998,ip_dcb5e742c4
merchant_ac96661998,ip_6b9633ec4a
merchant_cb7969f12a,ip_5daa14c793
merchant_c0ad205b97,ip_5e674ec51d
merchant_96f8cb5c52,ip_8f9a750165
merchant_96f8cb5c52,ip_e249797c9a
merchant_68cc317692,ip_6455fb57f4
merchant_9c64f4ff54,ip_4e11feceea
merchant_ce1b94d956,ip_26140774e4
merchant_b141561ac1,ip_3feeaf06c2
merchant_d8254dfea6,ip_b7730b4659
merchant_8db660416b,ip_0feba26430
merchant_8db660416b,ip_2f9f334bdd
merchant_b84d3845c0,ip_c015937d0a
merchant_51d06975f4,ip_a023f4deb5
merchant_2a0753d027,ip_dbbf8bdfad
merchant_733d7ed921,ip_1a6657466c
merchant_16b0021c3d,ip_4d2c468d9b
merchant_324238fca7,ip_819aafe72e
merchant_ac4b0da892,ip_629ab6956b
merchant_6ba764d891,ip_719debeccd
merchant_8d998bbafd,ip_4c67056521
merchant_9e183bbb0f,ip_6b1bcde5b8
merchant_44d93abf2e,ip_609f582788
merchant_46cf9b4497,ip_027950ef5d
merchant_cc6fee2e1c,ip_77ec3eea69
merchant_cc6fee2e1c,ip_a4a6f27f69
merchant_892535c781,ip_7db0508d62
merchant_ca0ed210fc,ip_d7f8b8fad5
merchant_c740560691,ip_8d3824cc46
merchant_6a9502a23d,ip_3e8304e547
merchant_48ac7c6bc1,ip_a31505ccfa
merchant_c58057df5d,ip_3621829c58
merchant_bca564a588,ip_4642588f22
merchant_4ae86f173b,ip_c4f0701980
merchant_70ed0353f4,ip_b3dfa9c16b
merchant_70ed0353f4,ip_c6397f7fc8
merchant_537138f4c1,ip_b71d3b7f76
merchant_a1f9588279,ip_adadee7799
merchant_8bc46c1333,ip_24a8aeb5c6
merchant_bb6c951fad,ip_d2c31f9d83
merchant_bb6c951fad,ip_41c348eb6e
merchant_36ef0ff080,ip_ab02c3e69e
merchant_fa2c68084b,ip_662fee7bf2
merchant_3852ea0b38,ip_912cd4b61f
merchant_3852ea0b38,ip_07ce6be395
merchant_9ab8cdfd4e,ip_7db0508d62
merchant_58c5791f98,ip_3c7bf8442d
merchant_5956ea0b3a,ip_3fbfe3f5be
merchant_5956ea0b3a,ip_3feb2fc6b9
merchant_fa3a834e07,ip_19ec9eb0f7
merchant_b59848d3e4,ip_201e26143b
merchant_0ccf8541a4,ip_32e0c73b8d
merchant_d7a2b30fcd,ip_356e12190c
merchant_c0c49e7c67,ip_fdfa3f5777
merchant_2c463a4144,ip_4d189e4e36
merchant_95ce7c70a3,ip_a3820cd2f6
merchant_09aa97b8e1,ip_7870daf66e
merchant_09aa97b8e1,ip_371d010a8e
merchant_0a759fba8d,ip_0568a50efa
merchant_189590e44c,ip_cc9c6e9e18
merchant_43e006ed25,ip_b7c75080b6
merchant_de2196e214,ip_371d010a8e
merchant_394ec94dc9,ip_f28ed09423
merchant_4df6b3ea10,ip_c887fcf4b8
merchant_890b0a63d4,ip_1f8a67d0c1
merchant_17b5b8353a,ip_252781db76
merchant_3aed1a1018,ip_5523341b4f
merchant_744e3748c6,ip_3feeaf06c2
merchant_32eb3672fa,ip_5b6a922e92
merchant_32eb3672fa,ip_61715d4603
merchant_ebade428c8,ip_51c476cde7
merchant_f7f4f2e784,ip_8f2b4469c4
merchant_f7f4f2e784,ip_586636a2d0
merchant_7f30175a00,ip_3c92d8465e
merchant_7f30175a00,ip_14c4b04d43
merchant_ee88ba247c,ip_add22d30d3
merchant_ee88ba247c,ip_3a2c3960f6
merchant_d92eb7c910,ip_0fbcd37c20
merchant_76b019d0fc,ip_cc06bdea96
merchant_f514c9c4ab,ip_82e3702beb
merchant_df71fddb9b,ip_99d89371b3
merchant_160be4fe9a,ip_dd682ed738
merchant_9b320559e1,ip_3cff901d10
merchant_9b320559e1,ip_7a3879ca7c
merchant_bdfba2586c,ip_41ac168984
merchant_d5f15c6e58,ip_3fe8a9d246
merchant_40d6e311f3,ip_895a95bb88
merchant_21ccf76238,ip_d423e171c2
merchant_d381f47163,ip_3b344474a7
merchant_d381f47163,ip_27a3719d4c
merchant_e12ce22d94,ip_5e7b5fdad6
merchant_e12ce22d94,ip_6c728c4082
merchant_24af49b9b5,ip_d64876aaaa
merchant_1a265cc161,ip_de726bd643
merchant_f8c429050e,ip_9556b46017
merchant_c01d575bcb,ip_22914a72cf
merchant_dd24fb8842,ip_72bfd71c85
merchant_a509e8ecfd,ip_7dfd72586c
merchant_1a5878be89,ip_4527a2cb09
merchant_b8ff5fc6f0,ip_84ad1b3c5a
merchant_26008825c7,ip_9a42cd3176
merchant_1e07d84c27,ip_6717f7494e
merchant_c82d941c45,ip_68b963091f
merchant_3ae8a35653,ip_883c62b916
merchant_83a89dc02d,ip_3743d8f6f4
merchant_b6170be848,ip_722b2bdf2a
merchant_cb0179f3fc,ip_697b0434ab
merchant_b26d020843,ip_642814573e
merchant_b26d020843,ip_995a773cd6
merchant_dcf26616ec,ip_6fd737f9d0
merchant_2bce77b231,ip_41b36de49e
merchant_dc991fd385,ip_62b57ac4f8
merchant_3ee2e7f298,ip_60f4bfc82b
merchant_3ee2e7f298,ip_7a4cecf10c
merchant_5715fafa28,ip_6caf3a3a3b
merchant_a667ea9332,ip_2fc03327cc
merchant_2464ee870a,ip_7a4cecf10c
merchant_2e1647af61,ip_6ae141b971
merchant_1e805c6145,ip_7b7e88ccb3
merchant_d3e34e9153,ip_046bcd709d
merchant_fdf482d88a,ip_60f4bfc82b
merchant_ce5f256b89,ip_176c85a3ec
merchant_7df81a745c,ip_d7639a5c64
merchant_46c17728e3,ip_e00efcab9c
merchant_8ff8941e6e,ip_762b4578d4
merchant_e97935ae30,ip_00ee5264d1
merchant_716c4ba9f4,ip_35bd312e6e
merchant_f383cc3b6b,ip_d266fd02bf
merchant_ef7513cff9,ip_f4bb799942
merchant_b7e262fd9b,ip_4f2133f001
merchant_661a0a6577,ip_680169c82c
merchant_cef39cb6b5,ip_e249797c9a
merchant_9c7d921504,ip_60f8936dcf
merchant_9c7d921504,ip_7a3879ca7c
merchant_405392bc43,ip_abf41ae5ff
merchant_2dd34936eb,ip_89dd86e4f0
merchant_3d1cfd6854,ip_afb51af21b
merchant_470da00bc5,ip_cce2373cb4
merchant_25161a1ff4,ip_46446851d6
merchant_e5219bc68f,ip_e6f77ee0c1
merchant_ab7d121bb0,ip_df94127aa3
merchant_92a0b6c958,ip_cc95b6a634
merchant_92a0b6c958,ip_349d7a0e02
merchant_a7deeaa623,ip_35311570d8
merchant_ac01143fca,ip_c30ea7f1ce
merchant_c1bcca8fe5,ip_65858d1700
merchant_30fc98f4d9,ip_65d220fcb4
merchant_5761853a76,ip_238ba12cf8
merchant_0278c56351,ip_81d35fb4b6
merchant_9188f57201,ip_3358d68185
merchant_2d02e31287,ip_74d954e194
merchant_2d02e31287,ip_2118dd5c8e
merchant_4bd651109d,ip_aa432b901f
merchant_4bd651109d,ip_fe39841320
merchant_ed1c7ea31d,ip_717e977499
merchant_2e4386ad3a,ip_4d9daad768
merchant_2e4386ad3a,ip_a37c3ee1b9
merchant_9f98f80760,ip_0a6216d9cf
merchant_cc11440920,ip_38e4089349
merchant_c513d2154c,ip_460ac895b1
merchant_c513d2154c,ip_e2a936b601
merchant_15b3fc049a,ip_0b13cf42a7
merchant_6fede9cdbb,ip_9bb3c3041c
merchant_8f62609182,ip_ac3b33a1b5
merchant_8f62609182,ip_2a0f974eba
merchant_c8012c859d,ip_496c279c3f
merchant_c8012c859d,ip_6e4836b279
merchant_250cceea1f,ip_79cc8e4ce0
merchant_250cceea1f,ip_8f6194f252
merchant_6f8eee3724,ip_3a4c0fd758
merchant_cf021dbdf2,ip_0feba26430
merchant_38ac51e48e,ip_4dee6c6c46
merchant_38ac51e48e,ip_2b11ffda33
merchant_27fb2f26d0,ip_c2616413dc
merchant_4c3825cf10,ip_b503fa154b
merchant_6bb58eccd5,ip_bf1b2754f8
merchant_d031106595,ip_8474382c57
merchant_44da52fd7d,ip_6e281e1850
merchant_011f830b5f,ip_6ae141b971
merchant_7e7416d2f7,ip_2e01b9f622
merchant_72eb223a0d,ip_fedb9c13b8
merchant_72eb223a0d,ip_489eb6f870
merchant_0b5d8d9c69,ip_98974d8669
merchant_6d0b603795,ip_a52c5e75c8
merchant_2e98c6b422,ip_0b6a6e3431
merchant_c6e2221b45,ip_44f6eef410
merchant_5a413195b9,ip_3b344474a7
merchant_5a413195b9,ip_2980e699d0
merchant_65cc380297,ip_abb88ddd85
merchant_49825407f0,ip_e4226c2a2a
merchant_49825407f0,ip_0bb3dd9fab
merchant_d825833979,ip_9b016aa6c6
merchant_8129574282,ip_a9a71e7113
merchant_8129574282,ip_162a104f30
merchant_1c18792c31,ip_48d994cdf9
merchant_bdca485ba3,ip_4d28d2626c
merchant_4bab3e52cc,ip_36ce1d2184
merchant_17d903b3fa,ip_6455fb57f4
merchant_17d903b3fa,ip_518f6ee51f
merchant_c9d63dba04,ip_a837f9ecbf
merchant_debc8cd22a,ip_7fe5f60787
merchant_3fc13ce232,ip_6c10ee91f2
merchant_f1f63b1fd4,ip_bb7dd55978
merchant_4b77d1b94d,ip_1ddd4019fd
merchant_697640aec9,ip_79ec6248a1
merchant_acd032c078,ip_11687668b3
merchant_acd032c078,ip_5becdec8ce
merchant_ffc2644133,ip_21837664c5
merchant_ffc2644133,ip_4af8d43fe0
merchant_1813777cd7,ip_721ee2891b
merchant_1813777cd7,ip_c0ee7f5234
merchant_bef02b97e4,ip_0dab513f9d
merchant_bef02b97e4,ip_26140774e4
merchant_40cea7e200,ip_6ef87f9eae
merchant_40cea7e200,ip_c3735635bd
merchant_22e6ffc7e7,ip_0fd462afb0
merchant_e15b7c92ee,ip_322334401f
merchant_878f4d1af0,ip_2b47d7d939
merchant_7b8f5fa9d7,ip_1bc091fbb9
merchant_7faaeacb31,ip_ee9395248d
merchant_7faaeacb31,ip_1e515dce41
merchant_9d280af352,ip_eceb469a59
merchant_0b660dd7eb,ip_a41a5b784b
merchant_0b660dd7eb,ip_c25f2e7c91
merchant_a60d27c393,ip_5ae7c0abbb
merchant_58f628b832,ip_d08c1cbd81
merchant_8837311e26,ip_7b86b0ff65
merchant_13a8b8143c,ip_fce901932b
merchant_3cae68357c,ip_32f410ffec
merchant_3cae68357c,ip_cf566729bc
merchant_3beb97db4e,ip_deeb79f95e
merchant_dab07a9d8f,ip_60b14399bd
merchant_dab07a9d8f,ip_1c657f685b
merchant_015ae2a9e7,ip_3a0e0f3a1a
merchant_a2fe0ea44c,ip_43c733a2a0
merchant_a2fe0ea44c,ip_283919fd32
merchant_3634d00e63,ip_9e11836994
merchant_f65a2ffc97,ip_257543338a
merchant_f497a01473,ip_13f095a5ed
merchant_f497a01473,ip_29fc6bbc73
merchant_1d46e3117e,ip_7f3092b3b9
merchant_efd04f28a0,ip_84ad1b3c5a
merchant_efd04f28a0,ip_38950b285b
merchant_fb5b4ece74,ip_b73731fc74
merchant_cad20b66a3,ip_7326e45618
merchant_6b381e4052,ip_6c2fa551c1
merchant_6b381e4052,ip_b8996be8bf
merchant_ad85ddbc05,ip_462494e0f1
merchant_bd40307519,ip_10e43cc132
merchant_24c63dabf1,ip_405715dc41
merchant_24c63dabf1,ip_c3da488e31
merchant_37bf71e449,ip_3a8f6b666a
merchant_37bf71e449,ip_5becdec8ce
merchant_04fcd92764,ip_d1b0e3b85d
merchant_87542d85a2,ip_c7a34df3dd
merchant_87542d85a2,ip_a475d54e65
merchant_1759d6bdc9,ip_c6212a3440
merchant_1e94d8e9d7,ip_8ef7cf4993
merchant_aa6577fe5e,ip_9adee99452
merchant_8e82cdf019,ip_f7f8ad7df6
merchant_e30bddf350,ip_e6aade31a7
merchant_a7ece4f347,ip_f1aebc2d10
merchant_bc530d76a5,ip_0c7b2cb114
merchant_c4244dbf5b,ip_272e13447a
merchant_c4244dbf5b,ip_fdffda5287
merchant_85f53ab991,ip_72bfd71c85
merchant_88588d3f08,ip_21a3edce95
merchant_92d2a0597e,ip_17f47a76bc
merchant_68505ba3e8,ip_bbeff24a19
merchant_c1e9323169,ip_13a1c3bb88
merchant_ac46d47e02,ip_71ab2a2ca4
merchant_9ee82851be,ip_649bbc480d
merchant_32dc63cfbe,ip_183b8aaca8
merchant_b529aac637,ip_997588a440
merchant_e4a3cb293e,ip_75d1da27fe
merchant_3090b40d1d,ip_f8db429972
merchant_b97d76db5a,ip_a13673b9d1
merchant_b97d76db5a,ip_599788c8eb
merchant_90a02b16f1,ip_4f2133f001
merchant_90a02b16f1,ip_0412c6c114
merchant_90ef6b148b,ip_fef5883e8b
merchant_ef8acf78fe,ip_37b54e273a
merchant_ef8acf78fe,ip_c0505446dd
merchant_2be99ef2a2,ip_83779e858f
merchant_bc336acd6d,ip_c3b4950ee0
merchant_202285b5b9,ip_724e8aa513
merchant_40d2065d3c,ip_555c99d2e3
merchant_2a615c0dbf,ip_c7aa9a59b7
merchant_45cd61d7d8,ip_eff78d2a39
merchant_a34952427f,ip_41f6b48604
merchant_b0b29fd287,ip_8e95fa4998
merchant_e0febe6d4b,ip_256b1f42d0
merchant_f65d6a4821,ip_f5795ffa11
merchant_dd67ea5c49,ip_9094adf441
merchant_05de74c954,ip_42f5eddaa8
merchant_062a932540,ip_74caa0cf41
merchant_353fac1801,ip_f220fafac4
merchant_efb3738ddc,ip_a023f4deb5
merchant_49814f3e96,ip_d2f7dffa69
merchant_7a18bddbe7,ip_f1aebc2d10
merchant_7a18bddbe7,ip_29cd344e16
merchant_a40bcf4236,ip_a6ef551c3b
merchant_7beae2e135,ip_a41a5b784b
merchant_3e0344e933,ip_e0b89bd482
merchant_734fbb4cd6,ip_c3a993a806
merchant_b7b88e67e4,ip_d2519a02e5
merchant_87fbaf1e3b,ip_2134508618
merchant_eb11452895,ip_cb423986a6
merchant_1900464c28,ip_f189d1a897
merchant_1900464c28,ip_131ddec996
merchant_d797cd53c6,ip_5ca012623a
merchant_ad2086abd4,ip_65deaeef13
merchant_369dd15572,ip_c7337a8bfe
merchant_5c0e8c516d,ip_881bcd29eb
merchant_773feaf741,ip_1e0c38d2bf
merchant_86cdc878e0,ip_35311570d8
merchant_c772b461f2,ip_73932bc663
merchant_c772b461f2,ip_9339748756
merchant_9343709585,ip_951109b978
merchant_5b029db4a1,ip_b7e2c642da
merchant_b0efe6bd7d,ip_1d53ad0e6f
merchant_8ac42f8307,ip_91425d4605
merchant_98d2b35a43,ip_29989f2e7b
merchant_5fa634aa1f,ip_46b5e92250
merchant_1e8965bbb4,ip_d657e5ae2e
merchant_cec71126f9,ip_2c3fb0465c
merchant_cec71126f9,ip_d68cbf3bc1
merchant_d238786ef0,ip_75d1da27fe
merchant_a94de1afd3,ip_71b76fd5aa
merchant_2077899195,ip_6d7482032a
merchant_dbf6a53ae2,ip_b2b3a03d5a
merchant_b28b91e2e8,ip_b3d5ecaa5f
merchant_b28b91e2e8,ip_9c9548b7aa
merchant_469b408b42,ip_a3820cd2f6
merchant_5e9aa738ba,ip_4b9521efce
merchant_5e9aa738ba,ip_0c4af5da5c
merchant_c8ed944d4c,ip_cc750e08b6
merchant_ceef3c5b2e,ip_b7e2c642da
merchant_ceef3c5b2e,ip_de08124013
merchant_379d6889d6,ip_b7c75080b6
merchant_a79e59d135,ip_86519f11d7
merchant_4f15750eff,ip_f29a7867bc
merchant_64b03ac671,ip_6d66b80931
merchant_63a83efe6b,ip_db42573fc1
merchant_a12b816ca6,ip_10e43cc132
merchant_e3f40abbcf,ip_eb3010d1a2
merchant_ae737c21dd,ip_aec8dd11ce
merchant_52e70721ce,ip_ac9531131e
merchant_44f4e41762,ip_9bbd4f10e8
merchant_5a343d9d01,ip_bedf826781
merchant_cdcdcc8a82,ip_7f26070295
merchant_cc86673f15,ip_295350da02
merchant_cc86673f15,ip_ccdccd6d77
merchant_81a252bf42,ip_11e276277d
merchant_81a252bf42,ip_a9f71d5d01
merchant_8ee2923286,ip_e516e6d7c8
merchant_a787a0a089,ip_90c6327e8c
merchant_69f719a151,ip_f220fafac4
merchant_29de0e5f0f,ip_663760e3e4
merchant_29de0e5f0f,ip_123f51f4cf
merchant_25dec4508e,ip_5ae265fd4a
merchant_25dec4508e,ip_515e42361f
merchant_90c42b0cb1,ip_31cc36a4bd
merchant_31b6385c48,ip_349d7a0e02
merchant_8fcbe8270b,ip_bbeff24a19
merchant_926c932d0e,ip_5fcefa7b07
merchant_926c932d0e,ip_3f5a2c2bde
merchant_b9ab72a470,ip_a858d9a976
merchant_d8658eecf5,ip_73f5a9083f
merchant_f3aad700dd,ip_70201658fa
merchant_f3aad700dd,ip_6a45c8c954
merchant_490f83daf9,ip_c4f0701980
merchant_274792d45f,ip_7c7e801303
merchant_274792d45f,ip_1ddd4019fd
merchant_d174e3172c,ip_0d7fdf3655
merchant_d174e3172c,ip_94bc47fcf4
merchant_a9e65440f4,ip_ef314b3f34
merchant_76d6a5e212,ip_368ec3fefa
merchant_e19740f862,ip_a45d5ec15e
merchant_80897e31f2,ip_039abfda86
merchant_80897e31f2,ip_1722deba11
merchant_f1821ccda7,ip_ec263809d7
merchant_ffed855439,ip_291e60aced
merchant_028ff704b3,ip_623c5fdae8
merchant_028ff704b3,ip_a2c7c48a9c
merchant_6e98a2e7b7,ip_489eb6f870
merchant_68ce87b514,ip_ca09d01a52
merchant_e4a3f684eb,ip_271856b233
merchant_e71dfdb46a,ip_5a0685dd8a
merchant_522c7daea3,ip_7db77d601f
merchant_f8ca4fd0ed,ip_dd390b6a7c
merchant_18e262ed2a,ip_1af726665f
merchant_f8852926a0,ip_4012d0cbfd
merchant_f8852926a0,ip_15600bec44
merchant_bbcfc42057,ip_d3b00ac7f1
merchant_bbcfc42057,ip_629ba4aac4
merchant_166598d37b,ip_7dfd72586c
merchant_166598d37b,ip_ee9395248d
merchant_9eceb1bbfd,ip_4af059ec4c
merchant_6b929e890d,ip_3454ca8c8e
merchant_0cbfe24037,ip_5f2f8df5e4
merchant_027f643824,ip_4b9c4368c1
merchant_c93e4800c4,ip_347b508c2b
merchant_ff7d979eb1,ip_bd4afd718f
merchant_5f1943e21c,ip_60f8936dcf
merchant_5f1943e21c,ip_0054691d2a
merchant_aa965ededd,ip_dce5b300ef
merchant_7c3965981e,ip_62b57ac4f8
merchant_7c3965981e,ip_217c117ded
merchant_65071c01c7,ip_c4539b93ec
merchant_b0c9e1860a,ip_1b037e86ee
merchant_e06660bb09,ip_d70d32a497
merchant_e06660bb09,ip_66269f32d0
merchant_c4d8ad7892,ip_58a19d46fe
merchant_5d52371562,ip_762b4578d4
merchant_5d52371562,ip_f69aba3e7b
customer_992187960b,ip_4f8084f952
customer_bdea34a564,ip_eccb1dedcd
customer_3e994bca7f,ip_d3c3578031
customer_aae93b9df3,ip_bfa55b4d2e
customer_aae93b9df3,ip_c29aa21b50
customer_1dd1e2fd22,ip_69f65d09de
customer_c727e29f52,ip_14c4bdde79
customer_c727e29f52,ip_3065dab442
customer_9cb6403a37,ip_f8e2ea4eb0
customer_9cb6403a37,ip_e7a352c8ed
customer_e9873334d9,ip_6b1bcde5b8
customer_f7f18caa71,ip_8bff77a67b
customer_dfe83538e9,ip_965ba95128
customer_44a33beba6,ip_918c1e708a
customer_8f5df6865d,ip_46e53f3f43
customer_e4dfc3bc61,ip_5a44266c18
customer_e4dfc3bc61,ip_7707af4abc
customer_6c893b89f6,ip_6455fb57f4
customer_89eb3ba395,ip_e376c9de2d
customer_84b6e52b01,ip_0fb9562d4d
customer_bfcca5c192,ip_46e53f3f43
customer_17db3fd369,ip_038a3ecfcd
customer_7500bccf55,ip_83779e858f
customer_2dc8acb191,ip_2ddf559d60
customer_ffb42bbb1f,ip_74d954e194
customer_0da6d13151,ip_f5daceb3dd
customer_0da6d13151,ip_db42573fc1
customer_70665f17b1,ip_9171e42a7a
customer_80513064cb,ip_9e8217fb53
customer_80513064cb,ip_73932bc663
customer_41aec04d9b,ip_70201658fa
customer_68766249e7,ip_2371f89e17
customer_4ff2f68baf,ip_401a82657c
customer_4ff2f68baf,ip_ec8f6932c4
customer_b6357787d8,ip_d4d84ddb6e
customer_fddc28ed3c,ip_a41a5b784b
customer_84841e9852,ip_4f306e609b
customer_6b953c895a,ip_17460d7761
customer_be75f31195,ip_018aff896b
customer_41a5f96fc3,ip_d1c54ecc8b
customer_f30e8445b7,ip_6db5011fa9
customer_6df14214ee,ip_7c2bc87901
customer_6df14214ee,ip_c1772dc6af
customer_7790c464bb,ip_c30ea7f1ce
customer_ace1f722e1,ip_663760e3e4
customer_d7cbd03182,ip_b7f758bcb0
customer_7540b07d3f,ip_d266fd02bf
customer_f3856bde89,ip_b88471b352
customer_5f1ec0a9c6,ip_dd390b6a7c
customer_77cf724c2f,ip_a5f6918995
customer_937e7ef701,ip_8cba032c35
customer_73df9ed94f,ip_7220ed467f
customer_b07152b8a3,ip_38950b285b
customer_c7075d8877,ip_d2c31f9d83
customer_c7075d8877,ip_1e0c38d2bf
customer_a517bc2deb,ip_796061001c
customer_948dc5a84d,ip_0a64065509
customer_6980263b2b,ip_bcc9c7efe4
customer_6980263b2b,ip_deb1fd16cf
customer_83559dc96c,ip_709acd1a58
customer_88ed88642a,ip_51c476cde7
customer_27ebe6c06b,ip_969037aa4d
customer_e1bd880532,ip_616f83580c
customer_e1bd880532,ip_c0505446dd
customer_d1bd6c96a2,ip_7034fb0ad0
customer_4dc92e7751,ip_3065dab442
customer_480bf7b4b4,ip_933d9e3b44
customer_e2412e07c0,ip_96a242e8b4
customer_8313c3e60a,ip_c4afc0e8ed
customer_03cda70b1e,ip_0926356c93
customer_03cda70b1e,ip_394ecd59c8
customer_0a623cd383,ip_926b35f015
customer_8e79be04dd,ip_12c5271139
customer_c928330ca0,ip_d08c1cbd81
customer_488ffcb61c,ip_998f7efdb3
customer_2961fc89ee,ip_66978f72f7
customer_0c64a3d9c4,ip_79e5c55ebc
customer_77685eda98,ip_2b47d7d939
customer_77685eda98,ip_f28ed09423
customer_390512c0ba,ip_649bbc480d
customer_99878fe56a,ip_ffe8012753
customer_58310c2fab,ip_32bfac5b03
customer_58310c2fab,ip_dd390b6a7c
customer_915f92bcfe,ip_503c0c19e1
customer_2dbbcdd69b,ip_60552d3913
customer_42d302e4ee,ip_85502e1fe4
customer_42d302e4ee,ip_e61b7ed1e5
customer_5ba38d49d0,ip_32bfac5b03
customer_8f4db46e04,ip_92b99c9387
customer_8f4db46e04,ip_a5c0f6d0a9
customer_8750a3b204,ip_a0d3345335
customer_cfdf5378b4,ip_1213084817
customer_15b62f01fd,ip_39fa59773c
customer_15b62f01fd,ip_e3792a7c59
customer_2eede291b5,ip_5517da574a
customer_8e5315c141,ip_d7f8b8fad5
customer_234853293e,ip_56a4250b29
customer_3b8412e40a,ip_3afe47e381
customer_2ae3a78441,ip_bd4afd718f
customer_3f30a2152d,ip_f32a877384
customer_0e4ad866dd,ip_f6ec24275f
customer_ad8e6a7613,ip_c7337a8bfe
customer_3f787fd731,ip_449fcbf03b
customer_3f787fd731,ip_7cd29953ed
customer_0e0e0d126a,ip_7e97efac6c
customer_2fa062f618,ip_c25c4ed7c0
customer_72800407cc,ip_5128299ef5
customer_fdf523a92c,ip_36ab18f169
customer_c1489b1b3c,ip_1bc091fbb9
customer_c1294acfb1,ip_8f2b4469c4
customer_a249c8d693,ip_85f2c2448f
customer_c7663e7f92,ip_3f025c0b23
customer_39f9c1714a,ip_908987ead2
customer_39f9c1714a,ip_1c880e6430
customer_18344766d1,ip_3743d8f6f4
customer_f67a6f81bc,ip_225f490991
customer_190083ff0f,ip_4dcc3159fa
customer_99acff85fa,ip_194949b6cb
customer_3a8013014e,ip_2c3fb0465c
customer_b3557acb03,ip_e2b92f562e
customer_b1ea77f4a7,ip_c31424c329
customer_66f95a6699,ip_8474382c57
customer_a7268d6a55,ip_ee9395248d
customer_a7268d6a55,ip_a3820cd2f6
customer_d0c3d29b78,ip_14ca090825
customer_81df3b2e43,ip_1e0c38d2bf
customer_81df3b2e43,ip_a5c0f6d0a9
customer_9f61e9fb30,ip_7c2bc87901
customer_926888b4d5,ip_5a24b3a921
customer_926888b4d5,ip_26140774e4
customer_7698fe97f0,ip_bbd6a4cd24
customer_8d55545088,ip_be1236b209
customer_423e780572,ip_19a3e40710
customer_7bd2454f6e,ip_4d783f9651
customer_7bd2454f6e,ip_6ababd9c77
customer_8ced0475b9,ip_21837664c5
customer_152fce5c60,ip_c46a752fcc
customer_152fce5c60,ip_1f0f12c51c
customer_f32abf90da,ip_680169c82c
customer_f32abf90da,ip_2826754b9e
customer_0f5dbe96da,ip_11f8492990
customer_d5cba656fb,ip_4a2b33a687
customer_47a4b50a79,ip_17f47a76bc
customer_fcf4b481a4,ip_ccdccd6d77
customer_212c2d819c,ip_949fe3f890
customer_35fd6778a4,ip_a8c76b9c15
customer_8e558f1e24,ip_d4d84ddb6e
customer_b9cd833d60,ip_24fc308133
customer_2becec9d4c,ip_623c5fdae8
customer_d6728d9c01,ip_5777ed8cde
customer_347c1a412c,ip_609f582788
customer_d2c001a140,ip_a5e423ad69
customer_cdfb443daf,ip_07bec8efe5
customer_8e00a841ea,ip_32916501de
customer_36b08d36ce,ip_6d66b80931
customer_095c70ca2a,ip_038a3ecfcd
customer_095c70ca2a,ip_5ea5be96fc
customer_8744ffff02,ip_c83b06c090
customer_6288817c04,ip_4e11feceea
customer_cfb35fc2a8,ip_9b6b5fa296
customer_1eb3653c34,ip_98974d8669
customer_d7397303a5,ip_9fee9c583e
customer_d5c7dbed59,ip_dbf2db87e5
customer_b83cd52f7a,ip_51b93bba5b
customer_9c7a5768b3,ip_e61b7ed1e5
customer_3b8ecbd543,ip_049a1c149e
customer_3b8ecbd543,ip_272e13447a
customer_bd510044a7,ip_79e5c55ebc
customer_6771f84857,ip_616f83580c
customer_6771f84857,ip_932dc24980
customer_e1e65e6c37,ip_f562d9d0cc
customer_f55170b64a,ip_466706cf24
customer_c7da874956,ip_282e11b898
customer_be3ea5a496,ip_940abc7baf
customer_f7a7eddec3,ip_af448469ee
customer_3f9926b2b0,ip_dcc5c1cd59
customer_087ae0c79f,ip_d762c4f15e
customer_8fdaf28e09,ip_68fc5ddbfa
customer_d8c0baeb95,ip_b7e2c642da
customer_d8c0baeb95,ip_bb0aaa7858
customer_cb30fd5b69,ip_93ec14a7ae
customer_cb30fd5b69,ip_384c744490
customer_1844d263f0,ip_dbf2db87e5
customer_f641809faf,ip_52dd1acabe
customer_d77c700add,ip_f6c34fd0a1
customer_824963e0d1,ip_de46607b2c
customer_a7b9659de5,ip_ec346c3e69
customer_d7efc21ccd,ip_646d627722
customer_ac7e6bb3de,ip_1e515dce41
customer_ac7e6bb3de,ip_411522ab7a
customer_92ea025927,ip_d4fc01272b
customer_1dc900feff,ip_acbd134cea
customer_1dc900feff,ip_8f6194f252
customer_efc021ee7f,ip_5baf539c71
customer_efc021ee7f,ip_048b9d58e8
customer_d263d960ac,ip_70ed705624
customer_f9f6be610e,ip_c1efcd1181
customer_15c082d205,ip_9fee9c583e
customer_75c7ba839b,ip_158e8da833
customer_bd9a8a82f3,ip_f220fafac4
customer_5c5699a993,ip_2f9f334bdd
customer_69a98ea39f,ip_271856b233
customer_6eb04d8cf4,ip_60552d3913
customer_1fdade4397,ip_fef5883e8b
customer_4d1fd152d2,ip_afb51af21b
customer_d6bb75f6e3,ip_eaf5f619ab
customer_d6bb75f6e3,ip_d102aa9e8d
customer_4ffb507005,ip_8e95fa4998
customer_28014cea89,ip_4f283c1bca
customer_28014cea89,ip_dbf2db87e5
customer_13ff95b032,ip_33914dad03
customer_13ff95b032,ip_0f8204ea94
customer_747ab9136c,ip_b5e3661279
customer_b7e16e66cc,ip_717e977499
customer_f9bd3aff01,ip_291e60aced
customer_f9bd3aff01,ip_3b344474a7
customer_c067cd1536,ip_bf9dd8eca1
customer_aa12f7b44c,ip_70ed705624
customer_11e8ba20c2,ip_a9b4a8f1f5
customer_9a412ab8cc,ip_a5f6918995
customer_9a412ab8cc,ip_c31424c329
customer_a5214e0023,ip_cefcbbb23e
customer_399f885f94,ip_d5e4f4cb83
customer_0dfe219ccc,ip_e0be562dcb
customer_0dfe219ccc,ip_762b4578d4
customer_b655f24c9a,ip_5ca012623a
customer_58ce8e435c,ip_596c745e7b
customer_c09706aab2,ip_19a3e40710
customer_b25c56b3ff,ip_3bf7027674
customer_6014a0e50c,ip_ec263809d7
customer_e08e609b49,ip_c3a993a806
customer_e08e609b49,ip_f8e2ea4eb0
customer_7a6b6c1c9b,ip_5128299ef5
customer_7a6b6c1c9b,ip_54fed70a0a
customer_43fcda5c79,ip_2e4ca63ae8
customer_e157b05765,ip_1960bfb9f8
customer_0ed62b95d7,ip_21a3edce95
customer_03102c63e2,ip_6a0f47421d
customer_9d9c464276,ip_11f8492990
customer_9d9c464276,ip_08fa5d749f
customer_e1217e814d,ip_cd22d3e663
customer_e1217e814d,ip_dc671b204d
customer_2d3f7cea76,ip_92b3b307aa
customer_8de6635442,ip_1d76803327
customer_597e4e2f1e,ip_be525e55cf
customer_0e6017469b,ip_ff3037f843
customer_a2ab1035e8,ip_053f3948aa
customer_39e692d417,ip_1960bfb9f8
customer_39e692d417,ip_0bb3dd9fab
customer_1130ca9418,ip_bc1500801f
customer_de0da5d31e,ip_af342113aa
customer_3b527c483c,ip_43c733a2a0
customer_46ff983cf6,ip_e516e6d7c8
customer_ddee4ddb88,ip_cf36354b8d
customer_8faa881e85,ip_36ce1d2184
customer_b06812e0d1,ip_526df5c57f
customer_b06812e0d1,ip_adf06b46cb
customer_09c80825a6,ip_a837f9ecbf
customer_554c745898,ip_03e41484a2
customer_7a6c8ca22d,ip_bedf826781
customer_940207296c,ip_6a0f47421d
customer_8f37e156b1,ip_7e1405744e
customer_ded1f747b3,ip_11687668b3
customer_7b6daf7c10,ip_79e5c55ebc
customer_7a2493c541,ip_2826754b9e
customer_1bb0d846a8,ip_1005c6f2ec
customer_3f5542be31,ip_0f1c2b33e8
customer_3f5542be31,ip_bb0e6ffc82
customer_abf9c00ce4,ip_61ab23a5d0
customer_7e44a98593,ip_0c7b2cb114
customer_3e854d3227,ip_36e390fc0f
customer_139e41206f,ip_4af8d43fe0
customer_6bd6505306,ip_32916501de
customer_db022ccd0e,ip_1ab8bb36d6
customer_350f274fa6,ip_62f6ad3c23
customer_8babf58817,ip_9e11836994
customer_cd575fca80,ip_d25566b7e9
customer_50c2f9d756,ip_ead12f38ce
customer_4f43185008,ip_f060d8464d
customer_9e9283fecd,ip_24a8aeb5c6
customer_baa7e24d43,ip_dcc5c1cd59
customer_4150445ab9,ip_ebf1728b68
customer_4150445ab9,ip_1d3804ca3e
customer_d94480265c,ip_36adc4a61b
customer_b7c9da1e50,ip_6ba5b0faed
customer_19b8f65965,ip_3a8f6b666a
customer_19b8f65965,ip_31cc36a4bd
customer_ae97415f87,ip_69f65d09de
customer_fe6535938b,ip_a29cfca064
customer_a50eda95b7,ip_6b083bccb7
customer_340c8670e4,ip_649bbc480d
customer_e71935152f,ip_e3cafc78f0
customer_bd338696be,ip_78a837b2e5
customer_35212368b8,ip_f2bd414a3e
customer_711f879abd,ip_1d76803327
customer_c9ecb3eb3e,ip_dbf2db87e5
customer_8000e428f1,ip_c1e73021fd
customer_e9b11eed9e,ip_7e6396ebda
customer_33e79b25e1,ip_2a0f974eba
customer_33e79b25e1,ip_dfab3ccae6
customer_e1359b2f38,ip_0d7fdf3655
customer_0a76e1530d,ip_65895e102e
customer_0a76e1530d,ip_9b6b5fa296
customer_8171a24aab,ip_68fc5ddbfa
customer_8171a24aab,ip_84ff31f643
customer_460c9d7a83,ip_fb22506312
customer_460c9d7a83,ip_187c9a7342
customer_5ed9d32403,ip_8b01543cc9
customer_5ed9d32403,ip_98412df29c
customer_1deeb12af8,ip_8a58f56d2f
customer_1deeb12af8,ip_d9881841f2
customer_00a0c04a70,ip_e2b92f562e
customer_3976092cfd,ip_46b5e92250
customer_907965162f,ip_d4d84ddb6e
customer_60620ea061,ip_b57d5a91b1
customer_17723ccd4a,ip_cb34a244c5
customer_644d44de80,ip_84177ca61a
customer_6f9fea6b29,ip_c06999bfd9
customer_cb3669e6c4,ip_ddfcff286e
customer_2a73a261cd,ip_3c7bf8442d
customer_2be32c75f5,ip_e2a936b601
customer_2be32c75f5,ip_f4bb799942
customer_fe7ca10818,ip_328cde4336
customer_dc23d8d2ff,ip_a0bcdfa9ce
customer_7dc3e9ff2b,ip_3feeaf06c2
customer_3a9c1bbf62,ip_4cbbf1fab5
customer_8e2cb9d2e9,ip_d38f59fb32
customer_2c96cf2478,ip_a33fb85e0d
customer_d7cd80fc1e,ip_2f822d686f
customer_94fb367aee,ip_52e0431c70
customer_e9601cecb9,ip_71ab2a2ca4
customer_cb76df9b46,ip_e3e10fe4c0
customer_3226198347,ip_76d51e59df
customer_3226198347,ip_3743d8f6f4
customer_54f7745d36,ip_609db4387a
customer_f9620ed929,ip_aae7ee28a4
customer_8733c9e161,ip_7ac62f0949
customer_a7317fad76,ip_5f2b13783b
customer_d60dc3f739,ip_13a1c3bb88
customer_bd12be5a05,ip_9b016aa6c6
customer_bd12be5a05,ip_d3bc365b33
customer_ac2c315d1f,ip_8f45ade5dc
customer_8e17addeaf,ip_4251da2882
customer_f52248faec,ip_6d66b80931
customer_4eff06faca,ip_0e387a5125
customer_4eff06faca,ip_e64793b1b3
customer_3bdffe85c5,ip_5c88b46f36
customer_78134bd03f,ip_cc750e08b6
customer_133735f1f8,ip_b9a0896f6b
customer_49c27ea7cf,ip_b3dfa9c16b
customer_381ed0bc84,ip_7391c833d4
customer_d05a3f69ff,ip_5becdec8ce
customer_aec64b62d3,ip_f3549ed0bf
customer_b07da27fb0,ip_60552d3913
customer_43e9908661,ip_aec2a586b6
customer_c58cc780ea,ip_5128299ef5
customer_c58cc780ea,ip_c178eeb46d
customer_32ab19b6f5,ip_e5b1d739ca
customer_eb0fb76d2b,ip_d3bc365b33
customer_a9b7cfa1f8,ip_86852f8ef9
customer_9a800ee7cd,ip_48fcb849d2
customer_f8b6048fcf,ip_217c117ded
customer_973eae18e2,ip_36f145a1c1
customer_973eae18e2,ip_df96d594c5
customer_67b7587ea5,ip_cb423986a6
customer_67b7587ea5,ip_8ddc9946e8
customer_31af927c95,ip_adadee7799
customer_ba79de93d2,ip_0e13ae2c57
customer_150048bb8c,ip_46605b09bc
customer_150048bb8c,ip_afb51af21b
customer_d21a66755a,ip_6cc8baa5d3
customer_6f0bcdbf8f,ip_9bb3c3041c
customer_6f0bcdbf8f,ip_e5b1d739ca
customer_62f9a78bb6,ip_da597cded5
customer_b3e5feb889,ip_3feb2fc6b9
customer_6056f0e365,ip_8d6e87f4dd
customer_6056f0e365,ip_aec8dd11ce
customer_ff0d4f9227,ip_85502e1fe4
customer_ff0d4f9227,ip_ab1425c9af
customer_0f2cd8371b,ip_940abc7baf
customer_0f2cd8371b,ip_1e515dce41
customer_791c0a5476,ip_17f47a76bc
customer_9fcd01c5c2,ip_f8db429972
customer_d3ab9c65d4,ip_add22d30d3
customer_cc3270d4ee,ip_19a3e40710
customer_f1cbe0adb6,ip_f3848b87b2
customer_18dd490b58,ip_796061001c
customer_ec1c18a505,ip_14bcec8738
customer_df40b2a2ba,ip_cc95b6a634
customer_cae36a048e,ip_68fc5ddbfa
customer_cae36a048e,ip_56a4250b29
customer_57433fb2b7,ip_9d2594930c
customer_af4ca6f7ee,ip_f570216748
customer_27b96d4d33,ip_3594b22263
customer_01f8b817bb,ip_e52da9376a
customer_01f8b817bb,ip_1764ee5399
customer_8275f3b88a,ip_c63cdab0c2
customer_29f361df14,ip_e4cc8964a9
customer_1674d7bba3,ip_c1efcd1181
customer_6295938562,ip_a34522eaa9
customer_1cfd390058,ip_9e0afb4174
customer_32bf152c32,ip_53c95eb8f1
customer_c21eefd004,ip_6690b4f1ba
customer_43b700c7b1,ip_1764ee5399
customer_16d142979e,ip_b6aeebc091
customer_6091b8410b,ip_e3eb660a63
customer_64f45b0f43,ip_fbf27f6155
customer_435d4db68d,ip_1ab8bb36d6
customer_74860fa6f9,ip_729885f2ba
customer_bf903a725b,ip_61715d4603
customer_e3781f4b6b,ip_2a0f974eba
customer_6153e59565,ip_2e92141f79
customer_6865f62eeb,ip_d2f7dffa69
customer_980824a228,ip_37805f4988
customer_f5f5453e1f,ip_75d1da27fe
customer_d9392bbbaa,ip_a23df839cc
customer_99495a2698,ip_14c4b04d43
customer_01b5dae5cc,ip_84ff31f643
customer_01b5dae5cc,ip_db8f4dce72
customer_fe8acce974,ip_71b76fd5aa
customer_d62b5ff2d3,ip_a5a2829b0e
customer_5bed955a04,ip_2f039aac4b
customer_032cfb2fb8,ip_68eeb4cdb6
customer_3f9ee0a441,ip_d7f8b8fad5
customer_c1b80d4fa3,ip_423f60a846
customer_7dfd2d2e74,ip_ce4d9ba7b0
customer_bed7444bfc,ip_018aff896b
customer_28f71dbc35,ip_ac3b33a1b5
customer_28f71dbc35,ip_4a19dccd4f
customer_2716769d23,ip_1b037e86ee
customer_2716769d23,ip_599788c8eb
customer_eb5497b000,ip_8aec477cdc
customer_eb5497b000,ip_d4d84ddb6e
customer_2f01f49d73,ip_1fc999d358
customer_09ce1b912e,ip_024722fed6
customer_a7499fa83f,ip_ec346c3e69
customer_1732f686fd,ip_5ae7c0abbb
customer_980af11533,ip_38e4089349
customer_899b80d947,ip_642814573e
customer_3191067ade,ip_62f6ad3c23
customer_d38e1766b6,ip_b0d23c85aa
customer_9dbf316be2,ip_0c7b2cb114
customer_5ce1af3ee4,ip_b366b58fb5
customer_a8489ceefe,ip_68b963091f
customer_24a1dcdfc4,ip_6cefd66f4d
customer_6fd4ff87e6,ip_f8e2ea4eb0
customer_84f0f197d0,ip_623c5fdae8
customer_2cf51db795,ip_f444aa8262
customer_3a74850148,ip_6e16fc738d
customer_3a74850148,ip_7721fd3d5f
customer_648bee08a9,ip_0fa352b2d3
customer_e6aa879de7,ip_a13673b9d1
customer_586e26299b,ip_4e84908cd8
customer_586e26299b,ip_00079788fe
customer_3e67a7d705,ip_5b6a922e92
customer_618a17e9b4,ip_79e5c55ebc
customer_fd9b901df0,ip_a59e16bcec
customer_09ddbb9d58,ip_1183367f7e
customer_6f6680a12f,ip_3ffb6ef2f8
customer_571ee77e79,ip_60f4bfc82b
customer_09e4ed2587,ip_ef0fe6c7c2
customer_09e4ed2587,ip_347ad6ae63
customer_28325985a4,ip_e2f4b32518
customer_fa97a37dc5,ip_de776d6d10
customer_2410ae32bc,ip_e6aade31a7
customer_d7c56ce923,ip_722b2bdf2a
customer_6797b2b7cb,ip_e6f77ee0c1
customer_fb2e756df2,ip_58c1f0085a
customer_f7e79feba1,ip_58c1f0085a
customer_712bb6f7d6,ip_02c4601147
customer_d889a1471b,ip_8ef7cf4993
customer_d889a1471b,ip_98d634224b
customer_ea497fddf9,ip_a34ccb4099
customer_7a899a3a3c,ip_aaee119a90
customer_7c6c8e7807,ip_46300bda5d
customer_21b8338eea,ip_a5e423ad69
customer_21b8338eea,ip_0054691d2a
customer_cc2df3546a,ip_b7e2c642da
customer_f3e5dfd225,ip_c43674bb9d
customer_f52603de0d,ip_515e42361f
customer_3b8076c670,ip_6396408318
customer_3b8076c670,ip_04c507b992
customer_db67bcf8c1,ip_d266fd02bf
customer_66d5bbf72d,ip_a34522eaa9
customer_7fc2ad85d7,ip_83779e858f
customer_8eb31b8b5c,ip_44b3527cae
customer_b86b556964,ip_3a2c3960f6
customer_6d1acdb7ea,ip_046437fa7d
customer_2abda4e44c,ip_4642588f22
customer_900c5d5672,ip_6e637fc624
customer_900c5d5672,ip_261f78717e
customer_3d41d73721,ip_1d76803327
customer_e82bf380e0,ip_41c348eb6e
customer_1fae946b52,ip_ca2032f156
customer_19b105a742,ip_af84056de3
customer_a8b00e97fd,ip_27abc4c79f
customer_2d0ef0cc70,ip_81d35fb4b6
customer_16b6fda000,ip_d68cbf3bc1
customer_3493f319d9,ip_10c88dd73c
customer_3493f319d9,ip_f1d670a26f
customer_213ac0fbc4,ip_d102aa9e8d
customer_213ac0fbc4,ip_3c92d8465e
customer_587d48438a,ip_5a59a0a5dd
customer_098c5c7207,ip_9fee9c583e
customer_1ca3fe4b54,ip_db8f4dce72
customer_1ca3fe4b54,ip_d7269121b8
customer_10b6038149,ip_b403167797
customer_446f0b96d4,ip_60b14399bd
customer_73691018cb,ip_0fb9562d4d
customer_4ff6c70084,ip_7ab9f1b0ee
customer_4ff6c70084,ip_46e53f3f43
customer_2235dacc82,ip_883c62b916
customer_23e87ff121,ip_bb0e6ffc82
customer_6a84c59854,ip_41ac168984
customer_bb5ee60d67,ip_75d1da27fe
customer_f3aaf2ac5a,ip_66a38e5e5a
customer_f3aaf2ac5a,ip_c786539df0
customer_035a95dc7f,ip_7b499ecaa7
customer_035a95dc7f,ip_7a9e2ab26f
customer_9ba35be386,ip_5ae265fd4a
customer_9ba35be386,ip_98412df29c
customer_756006630a,ip_d423e171c2
customer_756006630a,ip_27abc4c79f
customer_775951b01a,ip_a4a6f27f69
customer_775951b01a,ip_8bdeaeba05
customer_7e328dfb22,ip_f4e019ec75
customer_ccbd68879d,ip_81018a43c4
customer_e88a3a5ca1,ip_ffe8012753
customer_f440d2ffac,ip_0c73c4e59f
customer_f440d2ffac,ip_041f213bac
customer_d8d9ab350d,ip_46e53f3f43
customer_d8d9ab350d,ip_8cba032c35
customer_79a1437bee,ip_1e0e8829f0
customer_79a1437bee,ip_aa432b901f
customer_b282dc1e2c,ip_399aaf2447
customer_206ff3392b,ip_1213084817
customer_8655b2a360,ip_e3ca5089e9
customer_78ae6fc6bb,ip_d0a4e6761d
customer_ddb8c7f7b2,ip_c0505446dd
customer_e3c31a28b8,ip_5ae265fd4a
customer_4de9ffc171,ip_07bec8efe5
customer_b01165fc05,ip_a2e2cc8ee3
customer_f87a348f0f,ip_436c221d39
customer_041e8b4ae6,ip_bec7bd1661
customer_208541f9dc,ip_7a3879ca7c
customer_a2320889e4,ip_551732a6c8
customer_e174126fb1,ip_f6ec24275f
customer_381784ca9f,ip_4f73a85a73
customer_66ed4df817,ip_1581220f6b
customer_66ed4df817,ip_5a44266c18
customer_f77248ece2,ip_81b8a87313
customer_a36f3cb42a,ip_ba92fa30d5
customer_5b2439efc9,ip_2fc03327cc
customer_83064849f6,ip_79ec6248a1
customer_6139dc72ad,ip_018aff896b
customer_9bbf83c9be,ip_6e16fc738d
customer_9bbf83c9be,ip_12c5271139
customer_daae309da6,ip_6b9633ec4a
customer_959aa00ccc,ip_f6c34fd0a1
customer_fb2ac194f1,ip_9b016aa6c6
customer_a208aff649,ip_58c4902624
customer_a208aff649,ip_c2616413dc
customer_41cea9b1cf,ip_cf9564a8e0
customer_ca652c07c6,ip_65deaeef13
customer_0586d73d91,ip_6455fb57f4
customer_2701862bd3,ip_29989f2e7b
customer_45fd987ba9,ip_e3ca5089e9
customer_dd67760a43,ip_b6b6b80349
customer_bf63056130,ip_f2ff9834df
customer_1bbebe1a5b,ip_77ec3eea69
customer_9dd1ee1357,ip_0808a748cb
customer_2b39b42608,ip_460ac895b1
customer_2b39b42608,ip_953aad4ad4
customer_5121703e8f,ip_66f3fabadb
customer_6203094aeb,ip_f077c7b7b9
customer_66d61c7e39,ip_0926356c93
customer_66d61c7e39,ip_c7f63dd346
customer_7d32be9ec3,ip_c7dcfccdac
customer_ca381bdee7,ip_5ae265fd4a
customer_42339ab839,ip_252fdc28ed
customer_1948f74824,ip_99d89371b3
customer_ecff443546,ip_1918688d73
customer_ea5c10d626,ip_384c744490
customer_ea5c10d626,ip_8aec477cdc
customer_d4f8b7883c,ip_1918688d73
customer_00fe1d0617,ip_06dacae0d8
customer_e148e697de,ip_9e8217fb53
customer_e148e697de,ip_e887e2ac10
customer_8f9836bbcc,ip_4b9c4368c1
customer_8f9836bbcc,ip_f077c7b7b9
customer_347fdcfad6,ip_4b9521efce
customer_a2c2be3a67,ip_7db0508d62
customer_a2c2be3a67,ip_194949b6cb
customer_a49b1b4305,ip_951109b978
customer_91bfb53515,ip_3afe47e381
customer_21c906f7e7,ip_f431e32e96
customer_a494a7e3ed,ip_5d18cf71d0
customer_d8614ba7ff,ip_1c7d3229e0
customer_13acce4639,ip_151b0d768c
customer_55b61706b4,ip_b7b6d9f403
customer_11e8b5157a,ip_4b4a9d4d20
customer_b77aedb638,ip_fc35757bbc
customer_5d194db73c,ip_423f60a846
customer_e2db54a4ec,ip_87dfde757b
customer_98558963a9,ip_74d954e194
customer_6ee4804f4f,ip_21b40d0ea3
customer_bf8276d31e,ip_3df97738e7
customer_36608b8db8,ip_d9881841f2
customer_36608b8db8,ip_411522ab7a
customer_be94462b5c,ip_236c89a065
customer_68dc6ee00d,ip_210d5ccd1b
customer_a4b79d1d6c,ip_41c8c7e051
customer_7e1d327dc1,ip_cc95b6a634
customer_26cd22c1c2,ip_217c117ded
customer_d6be2274a4,ip_c202ebdedd
customer_d6be2274a4,ip_c43674bb9d
customer_9fd37476d6,ip_8c0eee3ff7
customer_7246b0e789,ip_c4ddfa4bb4
customer_3b0dd035fe,ip_91ef4b2bff
customer_3826b43a5d,ip_949fe3f890
customer_0861f0e2ae,ip_89490c583c
customer_a150336fbe,ip_c3b4950ee0
customer_21f0904bfc,ip_fcb2060a2b
customer_0a0cac9fcf,ip_9e5a8bdbee
customer_79ad1bbcea,ip_4c2bfaf826
customer_84e57e1ba3,ip_2d099da5da
customer_b005a2fd0a,ip_3df97738e7
customer_9f921f5ccc,ip_e8721f54bb
customer_9f921f5ccc,ip_17f47a76bc
customer_146d184d4b,ip_629ba4aac4
customer_146d184d4b,ip_1d3804ca3e
customer_cb4431315b,ip_38e6a7ac7d
customer_1af7a4319a,ip_842549a859
customer_27db5b0296,ip_c29aa21b50
customer_1d46859e6b,ip_ab47c56d17
customer_6aee7c9d45,ip_a45d5ec15e
customer_9a67c804e8,ip_cc06bdea96
customer_9a67c804e8,ip_a5dcdff0cd
customer_efe60f9f62,ip_1b927a669a
customer_374f49897a,ip_69f65d09de
customer_6b280ba063,ip_ab1425c9af
customer_1fe2c89da8,ip_50c887d730
customer_1fe2c89da8,ip_0e387a5125
customer_b176c29713,ip_9fee9c583e
customer_1ad148249a,ip_9e11836994
customer_5aaebb2ad4,ip_7b499ecaa7
customer_3bf79138af,ip_047d9a81bf
customer_3bf79138af,ip_34accacd87
customer_8eb47e332b,ip_8014598c42
customer_a6a29afd31,ip_05468a3a5e
customer_daf7c5b48b,ip_c7aa9a59b7
customer_4dcb3b13fd,ip_a301505de3
customer_4dcb3b13fd,ip_d089344806
customer_cf1e17e953,ip_489eb6f870
customer_f02b7268b3,ip_0808a748cb
customer_862cd59ef2,ip_cc43603c80
customer_b4e1c9e1cb,ip_2d099da5da
customer_2c1c107ab2,ip_f6c34fd0a1
customer_4c6d01a4bb,ip_706c640fc6
customer_7c4ad26042,ip_72bfd71c85
customer_59d2e63d9c,ip_9fee9c583e
customer_47a7c224a7,ip_53f26bd775
customer_7a23eb83e0,ip_609f582788
customer_2cc61304c6,ip_c3735635bd
customer_2cc61304c6,ip_d9881841f2
customer_be5d81b47f,ip_853671edcc
customer_c4694a0803,ip_83779e858f
customer_8f30db9d38,ip_c053893e45
customer_2f94f75a89,ip_1a6657466c
customer_df8b8d6515,ip_162a104f30
customer_dbb5eb7c58,ip_261f78717e
customer_066a5cfae8,ip_db249c9e8e
customer_72789ff97a,ip_d12e8d2f23
customer_7d1916f998,ip_642814573e
customer_3c4819e849,ip_e985a9c692
customer_36cb36a363,ip_41f6b48604
customer_405e42bc2f,ip_507e9486ac
customer_405e42bc2f,ip_9a987e8f50
customer_7640151c34,ip_c8d2ce4fdc
customer_7640151c34,ip_c1e73021fd
customer_627754fed1,ip_b88471b352
customer_1fe756362d,ip_0926356c93
customer_04a50aa270,ip_423f60a846
customer_516845b3dd,ip_024722fed6
customer_b016fcbea6,ip_c7f63dd346
customer_ac07492ed1,ip_95d98ae985
customer_36d7cdb9e5,ip_129b2a3bff
customer_c6075c04eb,ip_e8498557b3
customer_3ba8bff72a,ip_fb99dc6f31
customer_3ba8bff72a,ip_d6e4e808f2
customer_633325abf3,ip_af84056de3
customer_957651fe21,ip_a0d3345335
customer_2f552ee094,ip_c3735635bd
customer_7fc6e63392,ip_33cc09ee98
customer_71c5544ef2,ip_9094adf441
customer_d678ff56cf,ip_bec6f3cd25
customer_7af4ffec49,ip_c7337a8bfe
customer_c355a89572,ip_4e27236a0c
customer_c355a89572,ip_933d9e3b44
customer_cf41dbae82,ip_8b560c0cf8
customer_fdc77cab1f,ip_fdfa3f5777
customer_fdc77cab1f,ip_8f45ade5dc
customer_9fadb5c8e8,ip_f87fa5552c
customer_1a8b1a33c7,ip_33cc09ee98
customer_1a8b1a33c7,ip_aec8dd11ce
customer_124ba930b0,ip_d25566b7e9
customer_124ba930b0,ip_238ba12cf8
customer_7f4ad77fe6,ip_ba92fa30d5
customer_2503aac9b7,ip_be66b70d32
customer_b457fff9f5,ip_e32f629fcb
customer_ae66353977,ip_42fe593fe3
customer_572d4a9ed0,ip_1f0f12c51c
customer_97dbcfeaf3,ip_5208c56024
customer_1164c1cd67,ip_51c476cde7
customer_87a11bc5c3,ip_8ddd93c762
customer_400b12629f,ip_ac9531131e
customer_24905942ff,ip_19ce4c3491
customer_85e34b74e5,ip_0b13cf42a7
customer_3c1faa0562,ip_c3b4950ee0
customer_364103b190,ip_c691b5ae6c
customer_361ec6e4ad,ip_386e2001dd
customer_2195acda94,ip_d7359934c2
customer_a9d583f97d,ip_1af726665f
customer_b83d5486f1,ip_f0510e3290
customer_157abdd656,ip_6ec92f53f9
customer_157abdd656,ip_f8e2ea4eb0
customer_0863bc76dd,ip_a9d1f7b7b3
customer_88f34f6469,ip_3c92d8465e
customer_b2fbd37da6,ip_95e830df1c
customer_6e3178049f,ip_623c5fdae8
customer_aec648f994,ip_92290a71a9
customer_aec648f994,ip_24fc308133
customer_1f53540f3c,ip_5e02da88c2
customer_bbfe49016c,ip_6bee11818a
customer_4d51cdfc6d,ip_4207576349
customer_4d51cdfc6d,ip_c4732d9456
customer_d86255d2b5,ip_fa3339fe89
customer_9ca7d74664,ip_bf1b2754f8
customer_aab8f9342c,ip_5adfdfa4b8
customer_0c99194472,ip_6688b4fa1c
customer_700a7c4346,ip_940abc7baf
customer_65643873c6,ip_4af059ec4c
customer_5153817f3b,ip_71b76fd5aa
customer_71de4f7c81,ip_eb3010d1a2
customer_8385d72fff,ip_fa3339fe89
customer_9963f98c3d,ip_3afd2e6991
customer_9963f98c3d,ip_f08de4317e
customer_1e364ee7c9,ip_7db77d601f
customer_1ab87d1687,ip_fa0b61a6c3
customer_c15c4f5a60,ip_f1729d55aa
customer_f358e0fbeb,ip_1eb05c1322
customer_df0e91f46e,ip_7a2a9761d4
customer_fbd8af45bb,ip_75d1da27fe
customer_aefe97a80b,ip_c3da488e31
customer_ca93b8418d,ip_7c7e801303
customer_ee85040257,ip_aec5ac99b1
customer_c346340b9e,ip_0412c6c114
customer_c346340b9e,ip_998f7efdb3
customer_a65ba4a88d,ip_f11f7188da
customer_a65ba4a88d,ip_c6397f7fc8
customer_f4743ee83e,ip_99d89371b3
customer_50c3daa2ef,ip_23dd716c93
customer_0a172a00cd,ip_0d7fdf3655
customer_c03df3f0c7,ip_20b5c20f15
customer_c03df3f0c7,ip_13ea8ec825
customer_4012b025da,ip_1c78f3eaab
customer_df9a05a800,ip_646d627722
customer_cce01c144f,ip_d7b937b6ff
customer_ce23fd5ce3,ip_0aa8570f4d
customer_ce23fd5ce3,ip_328cde4336
customer_fb56f00eef,ip_5777ed8cde
customer_1dd49da77a,ip_60c54408e3
customer_f538203b72,ip_762b4578d4
customer_749a39fda8,ip_3b7ccfb0e1
customer_1b779bac85,ip_b1ab65b3c0
customer_0a8423c0a8,ip_74e736abd3
customer_072350cd03,ip_cc1a1aca73
customer_b269d74992,ip_87e2f3723f
customer_b269d74992,ip_c30ea7f1ce
customer_189528e01f,ip_4cbbf1fab5
customer_189528e01f,ip_b7b6d9f403
customer_4677373f87,ip_71177efe6e
customer_5a9013d6c8,ip_b1ab65b3c0
customer_5a9013d6c8,ip_b2a91398a0
customer_a67c9f1157,ip_bec7bd1661
customer_126d65e979,ip_a46ea1b061
customer_1e5cdd9164,ip_4dee6c6c46
customer_1e5cdd9164,ip_de726bd643
customer_92d7c32fde,ip_74caa0cf41
customer_2df6996c2e,ip_609db4387a
customer_34f5ccc65a,ip_95e830df1c
customer_9224772dd9,ip_03adf2f0ad
customer_a5ed1e2e26,ip_32916501de
customer_6ad4a8d661,ip_58c1f0085a
customer_44e9243dfa,ip_3743d8f6f4
customer_0214bdcb23,ip_322334401f
customer_0214bdcb23,ip_aec5ac99b1
customer_356ea11d95,ip_9fa5f44af0
customer_8512f7bef8,ip_997588a440
customer_8512f7bef8,ip_5a1e67a679
customer_b525dfb91a,ip_8f9a750165
customer_95903219b8,ip_0c7b2cb114
customer_1dba719824,ip_b24063f39e
customer_1dba719824,ip_663760e3e4
customer_d0ea3c0800,ip_c7a34df3dd
customer_f0a9184c55,ip_7c379e4227
customer_f0a9184c55,ip_77ec3eea69
customer_641ce8d98d,ip_8448132cce
customer_de0ff5f573,ip_5cdfb6e698
customer_de0ff5f573,ip_e20f9f46b3
customer_3ca73779c4,ip_555c99d2e3
customer_a9b5719917,ip_1bd48f986d
customer_711daf6afe,ip_21b40d0ea3
customer_ba9ca28bb4,ip_a59e16bcec
customer_b19ffcfd31,ip_36ab18f169
customer_b19ffcfd31,ip_201e26143b
customer_94a2e7dcb1,ip_e3ca5089e9
customer_94a2e7dcb1,ip_2c3fb0465c
customer_d8174bf15c,ip_b1128f5f9c
customer_1306e08259,ip_efe2bf02a7
customer_e22b898e68,ip_4cc59218fa
customer_1560234824,ip_d6e4e808f2
customer_1560234824,ip_30f3537457
customer_010a9d26c4,ip_11e276277d
customer_010a9d26c4,ip_5429027d1d
customer_4546971902,ip_05468a3a5e
customer_b12262be07,ip_3afd2e6991
customer_c127547ae6,ip_a84166bddb
customer_88ea2a89c9,ip_d7359934c2
customer_e99e08a2e2,ip_6c10ee91f2
customer_e99e08a2e2,ip_fedb9c13b8
customer_e98790d46e,ip_e6f77ee0c1
customer_35a327cf90,ip_51b93bba5b
customer_fbc0b07391,ip_d68cbf3bc1
customer_fbc0b07391,ip_c94fdbe1fc
customer_2f09aa56c4,ip_436c221d39
customer_d32b4fc713,ip_c1e73021fd
customer_d176087827,ip_27a3719d4c
customer_d176087827,ip_e777e126b5
customer_129893ce66,ip_d0a4e6761d
customer_95e87e042e,ip_a4a6f27f69
customer_7aab19cec4,ip_a918f81f2b
customer_6b9fbe247d,ip_cc1a1aca73
customer_6b9fbe247d,ip_e32f629fcb
customer_0d1fff75e2,ip_be9a8a5572
customer_0d1fff75e2,ip_b29c3bc7b1
customer_282d3b20bc,ip_83d4ee07f5
customer_282d3b20bc,ip_71177efe6e
customer_c1040832ff,ip_2ab5eb84cb
customer_c1040832ff,ip_c3a993a806
customer_39b0801764,ip_74e736abd3
customer_39b0801764,ip_74e736abd3
customer_d9782b5763,ip_83d4ee07f5
customer_9af7adcefb,ip_0c7b2cb114
customer_c3ce03fb1a,ip_cf50e56d24
customer_c69f55cde7,ip_436c221d39
customer_99fa4ada74,ip_328cde4336
customer_ed6437543b,ip_d80670b1a1
customer_0ed0c6c9d0,ip_65d220fcb4
customer_b33f96f081,ip_8767b8d106
customer_9bb7137ba4,ip_c1fd48bde6
customer_f25fc4ef62,ip_e2f4b32518
customer_f25fc4ef62,ip_6688b4fa1c
customer_0e2cb5ac49,ip_06dacae0d8
customer_b9d80b832d,ip_009190f05a
customer_6e1f01a0ec,ip_3fe8a9d246
customer_99ed2119a9,ip_10e43cc132
customer_72e76c92bf,ip_4d28d2626c
customer_72e76c92bf,ip_212d12caf8
customer_0f7c8e4482,ip_53c95eb8f1
customer_368cdac5f7,ip_10e43cc132
customer_368cdac5f7,ip_2209a83620
customer_a2ac761eed,ip_046bcd709d
customer_0728ed5a70,ip_1e471b88df
customer_0728ed5a70,ip_82e2ee51aa
customer_ff584e7be8,ip_89169888df
customer_ff584e7be8,ip_2c9548a18d
customer_5ae9200317,ip_43019f4bb2
customer_f4f46d7fee,ip_dee38417b3
customer_ef935fd5f3,ip_45aa7bba76
customer_1e392ab362,ip_3a85490e46
customer_284c7b71da,ip_7b86b0ff65
customer_6bfe6da05b,ip_dce5b300ef
customer_9a4e93bc1f,ip_672333f0dc
customer_1ded6a18ae,ip_368a234d8a
customer_ac4764ea89,ip_20590cf796
customer_3a76e93cb9,ip_801df60e2f
customer_d252e7b120,ip_9e4700cab0
customer_c78826fe6f,ip_fcb2060a2b
customer_9274e86e6d,ip_8ac8cea51b
customer_13b2d4e736,ip_de2fa2c684
customer_9d180cfe0e,ip_b366b58fb5
customer_f7f9544f3f,ip_ec7905719b
customer_c21d7ba1fc,ip_07bec8efe5
customer_6f94b572d8,ip_d5e4f4cb83
customer_3e3fe6fe2f,ip_884748d202
customer_6d324d8533,ip_91ef4b2bff
customer_c802cfe959,ip_123078e03f
customer_1b97a9ebb2,ip_629ab6956b
customer_4174492ae0,ip_04939fdef7
customer_dcc00b4e56,ip_2209a83620
customer_3d369b2842,ip_e20f9f46b3
customer_057e4fb0dc,ip_e4f74eefaf
customer_1c4c9f4c74,ip_95d98ae985
customer_d0a0e62ac9,ip_a5c0f6d0a9
customer_412b61b49e,ip_7bdae624b5
customer_412b61b49e,ip_a837f9ecbf
customer_ee2708d2e7,ip_84177ca61a
customer_467b911aca,ip_a13673b9d1
customer_6f6028babc,ip_f32a877384
customer_b375e429e6,ip_7a7116adb8
customer_c8e00c4bcc,ip_5def6cd752
customer_839e4c0e66,ip_129b2a3bff
customer_55b23abc93,ip_4cc59218fa
customer_55b23abc93,ip_8aec477cdc
customer_5d6273645c,ip_eedefda699
customer_2efb8e075b,ip_14c4b04d43
customer_748628c234,ip_f8e2ea4eb0
customer_17a102e474,ip_6c2fa551c1
customer_4449e0181b,ip_2b47d7d939
customer_1cb8d05d84,ip_e249797c9a
customer_af33280802,ip_0f8204ea94
customer_70059ec595,ip_0c4af5da5c
customer_31df5c7bb0,ip_6a45c8c954
customer_367f364fe5,ip_347b508c2b
customer_4a0aff64cb,ip_e985a9c692
customer_f24cc08e09,ip_a2c7c48a9c
customer_5c2a6630ad,ip_759cc324b6
customer_5c2a6630ad,ip_00ee5264d1
customer_82071aefc3,ip_3e7fca9e99
customer_82071aefc3,ip_7c379e4227
customer_9492cd29d6,ip_cc95b6a634
customer_1217cbffd1,ip_db42573fc1
customer_592c2e7613,ip_5e7b5fdad6
customer_016d046e7e,ip_2fcf4db1a2
customer_18b861346b,ip_10c59bfc30
customer_8065153f2c,ip_5a44266c18
customer_4d71b57228,ip_0eb84151e1
customer_5feb88b158,ip_3e8304e547
customer_abdc4ac9c7,ip_842549a859
customer_abdc4ac9c7,ip_21bddb89aa
customer_a63f9c9ec6,ip_d9881841f2
customer_548f4a5c91,ip_be1236b209
customer_636a158328,ip_43ef911893
customer_9f41fbe8cf,ip_76d51e59df
customer_c84c65feed,ip_77bcd5353a
customer_c84c65feed,ip_dbf2db87e5
customer_48cea1bacf,ip_81b8a87313
customer_5d41f0069e,ip_dd1b06f8d2
customer_57dce57209,ip_5f2b13783b
customer_1e2ede68f5,ip_d7639a5c64
customer_01cf253cd2,ip_6b1000e719
customer_4ea6353889,ip_d821d6429b
customer_2baa94dc47,ip_721ee2891b
customer_a993da6f4b,ip_75a7fccfaa
customer_9b5813b1cd,ip_f8e2ea4eb0
customer_19f01d1a84,ip_52e0431c70
customer_694577e4cc,ip_c691b5ae6c
customer_577deeda92,ip_24103af27a
customer_6472d7d9ca,ip_32916501de
customer_e66567ccfb,ip_fd75cd44ba
customer_0762024e9c,ip_f0510e3290
customer_b58e9cb272,ip_f75164bfb6
customer_b557bb12b1,ip_d12e8d2f23
customer_b557bb12b1,ip_a36417c8aa
customer_4049be6dda,ip_c8588c0db0
customer_7ddb919917,ip_053f3948aa
customer_d6b3e38464,ip_27abc4c79f
customer_c8230b053e,ip_34720461f5
customer_37795bf5e2,ip_d821d6429b
customer_37795bf5e2,ip_5821bc2ef3
customer_986a7a42da,ip_5def826bf4
customer_986a7a42da,ip_5fcefa7b07
customer_21ac3dba8d,ip_ef8a68f947
customer_21ac3dba8d,ip_cf4223b972
customer_e75e6f56b4,ip_31a5cace92
customer_e75e6f56b4,ip_503c0c19e1
customer_82b97a04db,ip_78f3e8ed53
customer_e4dc129de5,ip_91e4814a23
customer_892a6facf4,ip_cf36354b8d
customer_c818d3db63,ip_72bfd71c85
customer_13c387dfbf,ip_19160f7c84
customer_2ab247be3f,ip_6b9633ec4a
customer_2ab247be3f,ip_60f8936dcf
customer_cf1a0fa3e7,ip_0c73c4e59f
customer_1cf0c5e1b2,ip_cf4223b972
customer_287c7838e9,ip_5becdec8ce
customer_d52333640c,ip_940abc7baf
customer_d52333640c,ip_4f2133f001
customer_32cefa0a09,ip_4f306e609b
customer_2e8ccefdd0,ip_d344873edd
customer_9c08908eb3,ip_d3c59adeb9
customer_aabcf95aa0,ip_7b499ecaa7
customer_291c85c72d,ip_e2ff63194c
customer_291c85c72d,ip_58f2a125bd
customer_86cadbda5a,ip_db249c9e8e
customer_3fb42c1170,ip_a3820cd2f6
customer_4d0aea7883,ip_79e5c55ebc
customer_e0abbd449b,ip_551732a6c8
customer_76515b9dd1,ip_0f1c2b33e8
customer_76515b9dd1,ip_91425d4605
customer_e2459392ff,ip_b201763c04
customer_dfdedfa046,ip_74caa0cf41
customer_dfdedfa046,ip_e5e44b92a0
customer_cf6619bc1f,ip_276d389fdc
customer_e599726e30,ip_19ce4c3491
customer_10599c2533,ip_05468a3a5e
customer_10599c2533,ip_aa432b901f
customer_02467f77c8,ip_f486abbd00
customer_e6cfef7e10,ip_e61208f09c
customer_e6cfef7e10,ip_ddfcff286e
customer_1d4b5c3316,ip_b3dfa9c16b
customer_1d4b5c3316,ip_ac9531131e
customer_97d79a967a,ip_6688b4fa1c
customer_9d4bc9189b,ip_106637b086
customer_34761e5779,ip_508c2eacec
customer_7a70e7d7dd,ip_7501cfea76
customer_f88435f4d9,ip_be1efe85ca
customer_f88435f4d9,ip_bec7bd1661
customer_c62d00e011,ip_7326e45618
customer_d893c0bf8f,ip_7e695d9b6a
customer_2a860689d7,ip_ba92fa30d5
customer_2a860689d7,ip_0aa8570f4d
customer_2085f061de,ip_5a0685dd8a
customer_f7d6d1c4e9,ip_ca5e4416ca
customer_537c7c67f8,ip_2b2448426e
customer_537c7c67f8,ip_d4d84ddb6e
customer_1dcf1071ac,ip_c1fd48bde6
customer_1dcf1071ac,ip_4527a2cb09
customer_8ab6146d8a,ip_1581220f6b
customer_ae6fbb7f69,ip_024722fed6
customer_ae6fbb7f69,ip_a9a71e7113
customer_911ee92bd6,ip_405715dc41
customer_bed4989d42,ip_71b76fd5aa
customer_6c51bee639,ip_43d69e58bb
customer_813afb04eb,ip_8aec477cdc
customer_b82e5b914d,ip_72edf7bea7
customer_77629e0de9,ip_22d76af374
customer_77629e0de9,ip_75d1da27fe
customer_54e839a9fe,ip_0b454b80e4
customer_54e839a9fe,ip_eedefda699
customer_21d598c8c8,ip_ae5035324c
customer_21d598c8c8,ip_9d3251a13f
customer_760b599c4f,ip_f0c9707854
customer_c85aaaeddc,ip_dd390b6a7c
customer_c85aaaeddc,ip_f63f687919
customer_135671426c,ip_0d7fdf3655
customer_787dd2dabe,ip_d930ac50df
customer_7ad8aee44c,ip_71ab2a2ca4
customer_fba0036d1c,ip_44f6eef410
customer_99e7538e70,ip_24103af27a
customer_2d4edb7bd3,ip_2d6d90774a
customer_bd1df50b98,ip_bb0a508ce1
customer_92b3248b73,ip_b201763c04
customer_ad388e4162,ip_127385b449
customer_ad388e4162,ip_03adf2f0ad
customer_64b7aa827f,ip_ab47c56d17
customer_64b7aa827f,ip_2ccf0030af
customer_5ca582de55,ip_7dfd72586c
customer_9ebe2852af,ip_7db0508d62
customer_ad58266264,ip_5fcefa7b07
customer_a70f219fbe,ip_1d76803327
customer_c0e5f2d1ba,ip_ca1a40331c
customer_87329ad7a8,ip_e5e1636937
customer_fb6d904c30,ip_8f45ade5dc
customer_fb6d904c30,ip_30f3537457
customer_f7ccaa6cd7,ip_1c6c32adda
customer_f7ccaa6cd7,ip_f2c70a25e0
customer_080dcfa5b4,ip_d7d128e221
customer_21bff2fe38,ip_4af059ec4c
customer_dcf0e6e1e4,ip_1e0e8829f0
customer_983f898303,ip_72072ff83a
customer_e19f4a7e54,ip_b40ea248ae
customer_e19f4a7e54,ip_0fcbe88861
customer_99804cf8a7,ip_b503fa154b
customer_3af11f2afc,ip_94bc47fcf4
customer_a5ce2de381,ip_fbf27f6155
customer_38dcc60eda,ip_4012d0cbfd
customer_8bf9dfe401,ip_21b40d0ea3
customer_8bf9dfe401,ip_29fc6bbc73
customer_a2d8230814,ip_b3dfa9c16b
customer_94b7b109e9,ip_bbeff24a19
customer_7b2843f7fb,ip_526df5c57f
customer_19d210550b,ip_940abc7baf
customer_cd706a6c3a,ip_d4fc01272b
customer_cc6d5a8fa2,ip_c31424c329
customer_9677c0002e,ip_52dd1acabe
customer_cec1f240da,ip_72d4bace55
customer_7fcb3887b2,ip_a35ab3d969
customer_03479028d8,ip_672333f0dc
customer_d26d227c4f,ip_f2bd414a3e
customer_f57ac07353,ip_aec2a586b6
customer_75d0a69fdd,ip_b2b3a03d5a
customer_c4c370975f,ip_616f83580c
customer_f7d322fcb0,ip_14ca090825
customer_f7d322fcb0,ip_2826754b9e
customer_d3188fb84b,ip_5488072242
customer_d3188fb84b,ip_772678896a
customer_1640ffc3e6,ip_ae5035324c
customer_1640ffc3e6,ip_c7dcfccdac
customer_013479041d,ip_a461f63c0a
customer_c08692294a,ip_4e027feeef
customer_886bfd4e83,ip_be55cd5fa6
customer_6aab5f73c5,ip_b5a989f80a
customer_db60cb2d79,ip_a23df839cc
customer_ac6ec96ae8,ip_1cf1a6c970
customer_727df71dc6,ip_7707af4abc
customer_6db3bc159f,ip_368a234d8a
customer_e896d67213,ip_c4732d9456
customer_dbb10acb93,ip_dc59d0ec69
customer_b789321f4b,ip_a918f81f2b
customer_8b960f210e,ip_e2159bb91f
customer_207abc0a52,ip_be55cd5fa6
customer_b057f96eb7,ip_fb22506312
customer_a1dc3e34e8,ip_07bec8efe5
customer_acec61adfe,ip_6e4836b279
customer_acec61adfe,ip_679f1bb0dc
customer_6f0620cdc4,ip_b5e3661279
customer_576eb7c19b,ip_4ad3245395
customer_576eb7c19b,ip_496c279c3f
customer_a6442a165b,ip_d5eb369a5c
customer_8f831a844a,ip_de776d6d10
customer_bcca525caa,ip_c4e0764cb9
customer_54e3c13aeb,ip_a5ec2549e7
customer_a682995790,ip_3feeaf06c2
customer_7d34d20ccd,ip_e8721f54bb
customer_34d672d4db,ip_2e01b9f622
customer_b9a4f6a915,ip_c43674bb9d
customer_a698405aaa,ip_0fbcd37c20
customer_d8dac9d165,ip_5517da574a
customer_d8dac9d165,ip_c887fcf4b8
customer_525d3587ca,ip_bb7dd55978
customer_0d568c8e46,ip_3eb90f9659
customer_b631c71988,ip_c6eae80c65
customer_348b3596cb,ip_4e027feeef
customer_f621967b5c,ip_10e43cc132
customer_35e121a537,ip_2a4569cea9
customer_25be654765,ip_10640ce76e
customer_adff47f0fc,ip_21837664c5
customer_d404f4a814,ip_d6e4e808f2
customer_a3b4b50603,ip_551732a6c8
customer_a3b4b50603,ip_19c1bd90e4
customer_304b9baaa8,ip_1a6e5d8dce
customer_6f77874712,ip_f077c7b7b9
customer_6f77874712,ip_729885f2ba
customer_24170955de,ip_97a5b8990d
customer_bfbf2bf703,ip_91e4814a23
customer_f3c7edbe7d,ip_2f822d686f
customer_3a11dc34e6,ip_8e52d06a57
customer_8e2adae74e,ip_2cb9dee40f
customer_922734b803,ip_1bc091fbb9
customer_922734b803,ip_40715f539d
customer_edf6a71ef0,ip_0dab513f9d
customer_bb7715d1c6,ip_ac9531131e
customer_4fa6554f2d,ip_f2617983e8
customer_a220db4a43,ip_82e2ee51aa
customer_bc4a2233cf,ip_933d9e3b44
customer_7ef7a7b360,ip_796061001c
customer_40acce4f7d,ip_09f1fa2165
customer_5184fb55b0,ip_5523341b4f
customer_5184fb55b0,ip_64e5971407
customer_5dccdb2f51,ip_68fc5ddbfa
customer_2d98457aad,ip_c691b5ae6c
customer_ac06aac459,ip_c30ea7f1ce
customer_e70f9b1e1b,ip_b73731fc74
customer_e05f564dd6,ip_03f6cf129b
customer_c545dcbf7c,ip_f1aebc2d10
customer_9f2ae93b22,ip_7db0508d62
customer_ff7d7d23f8,ip_7870daf66e
customer_b3b7d7cc77,ip_0fbcd37c20
customer_074574c42b,ip_469d5907b9
customer_ab86a9a542,ip_f5daceb3dd
customer_788e4936a0,ip_16b0c271d2
customer_788e4936a0,ip_2f77b79ba4
customer_2084610732,ip_70dd5953e3
customer_02313b9db5,ip_42fe593fe3
customer_3ccee1ced6,ip_89169888df
customer_f607b2bbca,ip_502db9f79f
customer_f607b2bbca,ip_903e449e44
customer_dca4270b95,ip_fce901932b
customer_55a2b796dc,ip_d762c4f15e
customer_0707e1fab5,ip_d81197089e
customer_10eaa0da2f,ip_4cbbf1fab5
customer_34e5603546,ip_1c880e6430
customer_f16a2171fd,ip_9fa5f44af0
customer_144735354a,ip_f28ed09423
customer_2c32d26622,ip_6e16fc738d
customer_2c32d26622,ip_a5a2829b0e
customer_c73e912f19,ip_0f1c2b33e8
customer_bfc0a30030,ip_056a4bacd0
customer_9a96943d6c,ip_94bc47fcf4
customer_0893ce079e,ip_c7dcfccdac
customer_0893ce079e,ip_2a0f974eba
customer_934dc6ddca,ip_5128299ef5
customer_934dc6ddca,ip_5a8c4fc776
customer_2b0cc8664a,ip_819aafe72e
customer_434424de8e,ip_73f5a9083f
customer_b05beef077,ip_6ff1c3d0ea
customer_aa4f4ef476,ip_f29a7867bc
customer_c003bda989,ip_ce4d9ba7b0
customer_c003bda989,ip_9a42cd3176
customer_f13cf2cc1d,ip_2e4ca63ae8
customer_f13cf2cc1d,ip_d3c3578031
customer_32aff70dd0,ip_276d389fdc
customer_32aff70dd0,ip_bb7dd55978
customer_9717631e53,ip_8c0eee3ff7
customer_a1f7074a24,ip_2ea9ec641f
customer_4730f62466,ip_586636a2d0
customer_1ac5fafae9,ip_6ababd9c77
customer_4cb9e99140,ip_d5dfa10541
customer_ba046a4161,ip_58c4902624
customer_7ab4a8b4e3,ip_7a3879ca7c
customer_f1d418f02b,ip_1c6c32adda
customer_3504894272,ip_384c744490
customer_5eb689f434,ip_158e8da833
customer_5eb689f434,ip_60552d3913
customer_1df80727a2,ip_eab479d2d4
customer_303a9ee7bc,ip_9fee9c583e
customer_3950a20d60,ip_256b1f42d0
customer_11528403cc,ip_81b8a87313
customer_9e795ef6f3,ip_5d78e28a47
customer_9e795ef6f3,ip_a34522eaa9
customer_27def1720d,ip_0dc3cdf6e1
customer_58274d1c9f,ip_4f306e609b
customer_058bf2000d,ip_dcc5c1cd59
customer_931f524a8c,ip_2edf8397cf
customer_931f524a8c,ip_276d389fdc
customer_66c36c408a,ip_ceec577a0e
customer_f34718c05c,ip_7e97efac6c
customer_360fc38919,ip_3407e06978
customer_d0a2fb120c,ip_368a234d8a
customer_23f0e6fd31,ip_995a773cd6
customer_23f0e6fd31,ip_84ff31f643
customer_cfdae291e4,ip_58a19d46fe
customer_7b5b25f605,ip_2ccf0030af
customer_9cf3d88687,ip_74e736abd3
customer_802ccfdec2,ip_1581220f6b
customer_b56228de0f,ip_1f534c5d59
customer_2f607eef2a,ip_629ab6956b
customer_a8a7ba6185,ip_3be53a3482
customer_2e09126a82,ip_16a3f1b8d5
customer_8b67073b7b,ip_2bc0ebee76
customer_8b67073b7b,ip_0e13ae2c57
customer_b6f0d36ec5,ip_3bf7027674
customer_24dc64dd0e,ip_16a3f1b8d5
customer_8b17cc607f,ip_20590cf796
customer_d46e3c43e7,ip_5982503bc2
customer_8f4892fec8,ip_a13edae299
customer_8f4892fec8,ip_97d88bd257
customer_374b6159bc,ip_498d74aaa2
customer_279efc858d,ip_a9d1f7b7b3
customer_279efc858d,ip_e5dd14ee16
customer_f07958f66f,ip_5f19e43c27
customer_0b896db33e,ip_12c5271139
customer_0b896db33e,ip_7a8ef19c3b
customer_1f8602fce5,ip_7a33bf94ba
customer_5e998ba3b2,ip_65d220fcb4
customer_1ab1d8f6ba,ip_d4fc01272b
customer_1ab1d8f6ba,ip_d113c3727c
customer_032e25b98c,ip_c7f63dd346
customer_d797e52264,ip_da43ba06af
customer_fd5203e1f0,ip_6e4836b279
customer_d53bb6fa77,ip_8ef7cf4993
customer_365b6c4eca,ip_b6aeebc091
customer_5c653f7d35,ip_405715dc41
customer_69cb0f38d3,ip_ef8a68f947
customer_9339e558f5,ip_58a19d46fe
customer_d6dce51637,ip_51d23f8225
customer_d6dce51637,ip_8f45ade5dc
customer_2981002c74,ip_1e471b88df
customer_8fde63951e,ip_261f78717e
customer_8fde63951e,ip_420ffd6d8d
customer_f2706cc2b6,ip_b7b6d9f403
customer_916aeb2c3d,ip_7b4650f677
customer_6f426c9649,ip_2a8b4ca79c
customer_1609878e0c,ip_acfd536a9d
customer_1609878e0c,ip_b0d23c85aa
customer_11fc9d0dc9,ip_f6edee603a
customer_11fc9d0dc9,ip_86852f8ef9
customer_6933f91d0d,ip_b7fb43497c
customer_a758141c5a,ip_1cf1a6c970
customer_9d19e7dcec,ip_642814573e
customer_1bf5aba1e8,ip_4e27236a0c
customer_5a2adb0410,ip_a79bb751d5
customer_5fe2c549c5,ip_1ad066e6ec
customer_b30054068d,ip_a023f4deb5
customer_1376e42c8b,ip_5777ed8cde
customer_6fb672414d,ip_c18ed402e5
customer_61e36b6b06,ip_4b9521efce
customer_dcf3809d25,ip_a8c76b9c15
customer_dcf3809d25,ip_4f6d601858
customer_eff40a2fde,ip_76139a71ad
customer_e50ff6a1b4,ip_371d010a8e
customer_5b9c235a66,ip_c21d0bbe47
customer_7a5b904b99,ip_22914a72cf
customer_7a5b904b99,ip_e20f9f46b3
customer_4a9954b502,ip_141cbde0d8
customer_4a9954b502,ip_d45fdf7fae
customer_8916bfb548,ip_91b50100ad
customer_33e1f5e9e9,ip_16dfbda971
customer_33e1f5e9e9,ip_40ba152b51
customer_afce964c4f,ip_3f9ac267ca
customer_112e230995,ip_356e12190c
customer_489cbb7903,ip_141cbde0d8
customer_075c8a9586,ip_1d76803327
customer_2182a40dd7,ip_503c0c19e1
customer_1873c90dd8,ip_7d6cac3da4
customer_54b44e176b,ip_2b1eb1ef59
customer_514d143828,ip_2c3fb0465c
customer_514d143828,ip_3407e06978
customer_c4725c23e1,ip_053f3948aa
customer_4db4508c0c,ip_c015937d0a
customer_4db4508c0c,ip_099dba7f12
customer_09e21b2d5c,ip_17f47a76bc
customer_09e21b2d5c,ip_4d4f7637ef
customer_0feeb1628a,ip_51e49d6e1b
customer_c34e82fd70,ip_9fee9c583e
customer_c34e82fd70,ip_48d994cdf9
customer_f610f577ae,ip_5cdfb6e698
customer_f610f577ae,ip_347ad6ae63
customer_1b31f301ad,ip_d4fc01272b
customer_423bfd9ba3,ip_356e12190c
customer_423bfd9ba3,ip_93f0c537fc
customer_a17a9bee5a,ip_79e5c55ebc
customer_8b9c94ca41,ip_48b95c7a57
customer_8b9c94ca41,ip_f1aebc2d10
customer_375a868ce0,ip_5def6cd752
customer_7107e8f949,ip_4a618c42a9
customer_c2b55d81c8,ip_69164ef97e
customer_c2b55d81c8,ip_17d00dda7f
customer_47055f93b9,ip_a9d1f7b7b3
customer_352bdeb84b,ip_2371f89e17
customer_b596c83b5d,ip_2b3f4ad417
customer_a07c28ec5e,ip_eb9d1b8934
customer_c0fc62a31b,ip_db8135c13a
customer_8b1710ddcf,ip_1213084817
customer_7b0b4b7c3b,ip_a83170e134
customer_84e568048a,ip_2137424173
customer_a307d902f4,ip_c7dcfccdac
customer_aeff6dfa59,ip_be66b70d32
customer_1ec0c05675,ip_57d382f41b
customer_98810dcb6f,ip_1aa0335bc0
customer_8101cfa9fd,ip_337c5fabbb
customer_a7a9854b27,ip_c8d5226651
customer_43f346f0e7,ip_e5dd14ee16
customer_d8ff1ef799,ip_fd75cd44ba
customer_d8ff1ef799,ip_75a7fccfaa
customer_9cd2e57555,ip_252fdc28ed
customer_ccfbe37a14,ip_0e08ba5a7e
customer_ccfbe37a14,ip_8bff77a67b
customer_7314f3f3a0,ip_c53f1eea6d
customer_68fc3551a4,ip_6db5011fa9
customer_7963978a1f,ip_420ffd6d8d
customer_a3610bf1f3,ip_71ab2a2ca4
customer_0c1afd02c2,ip_599788c8eb
customer_69555c1151,ip_1aa0335bc0
customer_4771b239a1,ip_a5dcdff0cd
customer_4771b239a1,ip_5d2aecec72
customer_6844e29016,ip_34accacd87
customer_e7676b2e7c,ip_5a8c4fc776
customer_e7676b2e7c,ip_4f306e609b
customer_198350e067,ip_a46ea1b061
customer_42feab04b5,ip_6242dbc2a0
customer_1ede282fe8,ip_cb34a244c5
customer_e100930d03,ip_17f47a76bc
customer_e100930d03,ip_db249c9e8e
customer_b3ec7c2346,ip_2ccf0030af
customer_a4ab3f148f,ip_6c728c4082
customer_bf1cc5d2d6,ip_210d5ccd1b
customer_08604412af,ip_347ad6ae63
customer_08604412af,ip_f6edee603a
customer_0c2be3dbba,ip_5d78e28a47
customer_b29c885b29,ip_4e11feceea
customer_b29c885b29,ip_3ffb6ef2f8
customer_818e1509b2,ip_2803218b86
customer_818e1509b2,ip_2ae8fcaf9c
customer_450a9570fd,ip_51d23f8225
customer_d75105c59c,ip_8f2b4469c4
customer_9e16b38617,ip_29078606f0
customer_4b6c91f47e,ip_3feeaf06c2
customer_f4cf7c50cf,ip_aaee119a90
customer_f4cf7c50cf,ip_7220ed467f
customer_4fcf63d7f1,ip_5f19e43c27
customer_4fcf63d7f1,ip_79e5c55ebc
customer_1031aba845,ip_489eb6f870
customer_1834ea176f,ip_df94127aa3
customer_ca62f1e330,ip_b7f758bcb0
customer_2d33fb861f,ip_56d00775a6
customer_69dc84cf21,ip_b003b2615f
customer_9e8ec2c002,ip_0568a50efa
customer_f1ee293641,ip_75a7fccfaa
customer_9fa0c9fc63,ip_df96d594c5
customer_f643e994da,ip_8d3824cc46
customer_4785018bd1,ip_6530e12e27
customer_5a81e60428,ip_6caf3a3a3b
customer_5a81e60428,ip_d6982ccab5
customer_eded5738f3,ip_0c4af5da5c
customer_7c28b7f759,ip_a87d7c9eb4
customer_de04a92318,ip_35cafa8405
customer_36ec7e227e,ip_2ea9ec641f
customer_35dfd6bfc0,ip_4dee6c6c46
customer_59e9c35c92,ip_ec346c3e69
customer_f877cb8c93,ip_7793479979
customer_f877cb8c93,ip_37805f4988
customer_923a23c973,ip_59039dd43d
customer_923a23c973,ip_eb9d1b8934
customer_30aa0a14ed,ip_2c3f400f69
customer_0981f1eaeb,ip_2f039aac4b
customer_8e761734f0,ip_a4a6f27f69
customer_1791e367cc,ip_356e12190c
customer_da855dca96,ip_74d954e194
customer_da855dca96,ip_bae00f8e89
customer_732115d51a,ip_f6ec24275f
customer_018120bee4,ip_e2a936b601
customer_e60f1af6dc,ip_74e736abd3
customer_3972d714ef,ip_5d78e28a47
customer_71076194a9,ip_0c4af5da5c
customer_3204a240dc,ip_0d7fdf3655
customer_8c25e82ec9,ip_53f26bd775
customer_ecf36b7e4a,ip_6ba5b0faed
customer_03f2f175ad,ip_0811f3629b
customer_918241421f,ip_105b1b4648
customer_9d4d0fc0b1,ip_cefcbbb23e
customer_0ba3b8132d,ip_7db77d601f
customer_77fbeb0d9e,ip_772678896a
customer_16350d6ce6,ip_bec7bd1661
customer_b8f16f4bca,ip_aec2a586b6
customer_a246f0f3b4,ip_ac8332a9df
customer_a7200dac61,ip_93eb302e24
customer_142697a2dd,ip_c46a752fcc
customer_142697a2dd,ip_43fbde946b
customer_face6b3cca,ip_2f9f334bdd
customer_6e8a7f947d,ip_009190f05a
customer_1e20e90d7a,ip_73932bc663
customer_2282a68c1a,ip_9094adf441
customer_eb8acdeeed,ip_a471c6f550
customer_3ae63cc690,ip_2857337b10
customer_4b981ba2b7,ip_3a85490e46
customer_4b981ba2b7,ip_14c4b04d43
customer_42ad8ad758,ip_a9b4a8f1f5
customer_e63d8b0540,ip_bddb2cf0b7
customer_d28e92f30d,ip_48fcb849d2
customer_d28e92f30d,ip_8f2b4469c4
customer_c9479f24f2,ip_1bc091fbb9
customer_1e6b4fd1c4,ip_db8f4dce72
customer_bdea6b72ae,ip_e5dd14ee16
customer_bdea6b72ae,ip_ec263809d7
customer_1170fb71ba,ip_82e2ee51aa
customer_1170fb71ba,ip_b1ab65b3c0
customer_aa3615bc95,ip_aa432b901f
customer_9ae9cd3021,ip_bf36edd0a5
customer_c1a5444552,ip_84ad1b3c5a
customer_0bbe313039,ip_5c88b46f36
customer_db749ad976,ip_912cd4b61f
customer_9a083198ad,ip_85502e1fe4
customer_02a48a1b78,ip_62b57ac4f8
customer_8509147518,ip_a84166bddb
customer_093053ab7e,ip_c00b219478
customer_d634f24350,ip_6e7e70dfc1
customer_d634f24350,ip_a461f63c0a
customer_86089ac10d,ip_69f65d09de
customer_7fd787da69,ip_8e0f4aaabb
customer_5f0174a270,ip_a84166bddb
customer_fa7c36f1ed,ip_21a3edce95
customer_c23c89abb0,ip_5046863166
customer_ac6db564cb,ip_ec8f6932c4
customer_ac6db564cb,ip_70201658fa
customer_c5c3755d27,ip_97d70c9fc7
customer_a89814b7f0,ip_98412df29c
customer_5a04fe9f67,ip_5f2f8df5e4
customer_ec4badc50c,ip_e61208f09c
customer_051c82180e,ip_03f6cf129b
customer_c7d6fb5e13,ip_0811f3629b
customer_8ff1e05ba4,ip_38971b2592
customer_dbd9f0cc07,ip_2ccf0030af
customer_6e7db83b3c,ip_2e4ca63ae8
customer_7151de2a21,ip_6396408318
customer_cd66d4a7e6,ip_046bcd709d
customer_cd66d4a7e6,ip_f431e32e96
customer_53f52eed6d,ip_62f6ad3c23
customer_792222f6fc,ip_3c92abb9b8
customer_6b4d826387,ip_c6212a3440
customer_a50bef9c9c,ip_6ababd9c77
customer_4725c4c24d,ip_58c1f0085a
customer_b809a9ec24,ip_c015937d0a
customer_8bce38df64,ip_6bee11818a
customer_056c3c77be,ip_ceba4c69b7
customer_056c3c77be,ip_0d6476c2a4
customer_ec45b0b6cd,ip_c4732d9456
customer_a602021aeb,ip_64e5971407
customer_4c0eaa8b1b,ip_4d2c468d9b
customer_b97dcdf0b3,ip_eceb469a59
customer_b97dcdf0b3,ip_722b2bdf2a
customer_5c02744a81,ip_7cd29953ed
customer_7c40f3764a,ip_bd4afd718f
customer_7c40f3764a,ip_bd350bce2f
customer_9a023b885f,ip_8c52e51bd8
customer_3df5e66966,ip_a461f63c0a
customer_3df5e66966,ip_0c7b2cb114
customer_af9e464693,ip_113cc18473
customer_5b800883f9,ip_1b927a669a
customer_e0791ac451,ip_7e695d9b6a
customer_78ee689a72,ip_225b6545dc
customer_78ee689a72,ip_13229d1ef8
customer_608022724d,ip_50c887d730
customer_608022724d,ip_e4773d3318
customer_663892faab,ip_f1f5bf2a89
customer_afa60dd57d,ip_c1e73021fd
customer_aa26071465,ip_d5acd78355
customer_d0e2a3f52d,ip_63e9c44441
customer_b373f6db58,ip_642814573e
customer_9c63eb9c6b,ip_d0a4e6761d
customer_1ae887d4c2,ip_38e4089349
customer_e0fd87431d,ip_58e974857e
customer_874d98d78b,ip_342dad40fe
customer_94149a46c7,ip_c7f63dd346
customer_67058241bd,ip_25c2119200
customer_e03452cee5,ip_1f534c5d59
customer_ba6f985286,ip_838fc39ee8
customer_05169cd6b5,ip_24ac67c484
customer_735b1a8454,ip_2f77b79ba4
customer_b77126adf8,ip_a9b4a8f1f5
customer_55b7b94448,ip_45de2d11d9
customer_2682f92658,ip_4d2c468d9b
customer_be2807f4b0,ip_d7359934c2
customer_b2fe58d5d7,ip_2b1eb1ef59
customer_2d751e8bd9,ip_97d70c9fc7
customer_22bfeee58f,ip_63e9c44441
customer_8a677059b8,ip_7075163d43
customer_c87441a137,ip_a475d54e65
customer_774f629350,ip_f82e55dd14
customer_2f838fcd27,ip_aec2a586b6
customer_11148c6ceb,ip_0517525166
customer_3c0cbd55e8,ip_49963252bc
customer_77bcce42d3,ip_012f845479
customer_d7f844c12b,ip_68b963091f
customer_9729167c81,ip_08b883c992
customer_c54e77b55e,ip_df96d594c5
customer_712e53bcff,ip_8b34a8ee47
customer_9bba7258b0,ip_2586a17415
customer_f547977c53,ip_ab1425c9af
customer_eb378cb787,ip_4e27236a0c
customer_7a9c31d4bd,ip_5488072242
customer_d6790df65d,ip_c8d5226651
customer_868c4b717d,ip_c8ea27d0d3
customer_73642c5440,ip_7a7116adb8
customer_f1ca50249a,ip_0e8ae73dab
customer_833fd06ce9,ip_933d9e3b44
customer_833fd06ce9,ip_6c10ee91f2
customer_e0ced7ac54,ip_9d3eb44312
customer_9a1367885d,ip_43ef911893
customer_97616b5147,ip_33cc09ee98
customer_97616b5147,ip_423f60a846
customer_77d62a5d43,ip_4ad3245395
customer_f2ac06d762,ip_14c4b04d43
customer_f2ac06d762,ip_b1128f5f9c
customer_b33046aa2a,ip_27a3719d4c
customer_b33046aa2a,ip_7e1405744e
customer_30e1a2b368,ip_5edce8c83a
customer_2982790595,ip_0412c6c114
customer_0e92e1d3f4,ip_de2fa2c684
customer_9923dba636,ip_0a73a85321
customer_9923dba636,ip_58c4902624
customer_fcd4693b3e,ip_50c887d730
customer_fcd4693b3e,ip_f73d86752d
customer_269b75c292,ip_272e13447a
customer_9f7ba498bc,ip_5d18cf71d0
customer_84542a2963,ip_bae00f8e89
customer_48fbec679b,ip_c94fdbe1fc
customer_dc78e7746b,ip_420ffd6d8d
customer_06123f84aa,ip_13ea8ec825
customer_f0120bc127,ip_8d6e87f4dd
customer_64ea399d96,ip_dfab3ccae6
customer_403c92b146,ip_b366b58fb5
customer_0da4be3598,ip_1960bfb9f8
customer_fc60529e5d,ip_13229d1ef8
customer_fcb653b598,ip_291e60aced
customer_fcb653b598,ip_d089344806
customer_0d193263a1,ip_2c3fb0465c
customer_8b68b9b4ac,ip_d5cb1011ad
customer_544e7dbbbf,ip_371d010a8e
customer_13b2d92864,ip_e20f9f46b3
customer_13b2d92864,ip_fdfa3f5777
customer_09b859d16f,ip_4e0a7564b2
customer_ed5e8f2b0b,ip_8bdeaeba05
customer_ed5e8f2b0b,ip_586636a2d0
customer_470bdadb24,ip_02c4601147
customer_b1db069feb,ip_7220ed467f
customer_e930142f0b,ip_e3792a7c59
customer_834082a1e3,ip_58c4902624
customer_27654327ab,ip_c8d2ce4fdc
customer_f62fab88cd,ip_94b2f67626
customer_987d167593,ip_79e5c55ebc
customer_8e20624c64,ip_ec346c3e69
customer_b70efac0f1,ip_3a8f6b666a
customer_92bc029134,ip_8448132cce
customer_f547f489d4,ip_e3792a7c59
customer_372de0c3b9,ip_5ca012623a
customer_d6891aac71,ip_d6982ccab5
customer_ed4b86edb4,ip_1cf1a6c970
customer_9d26014e51,ip_e449c9f811
customer_36635deeb2,ip_acbd134cea
customer_36635deeb2,ip_1c78f3eaab
customer_c882544ea7,ip_cf36354b8d
customer_76004bfbdd,ip_728d9a546b
customer_8cc06735f5,ip_c3a993a806
customer_adc9bd74e9,ip_ceec577a0e
customer_adc9bd74e9,ip_1b7c7c4868
customer_b950835c84,ip_d5cb1011ad
customer_e4e2a31a59,ip_4e027feeef
customer_988bdc7459,ip_72cae4aea5
customer_d2590383fa,ip_c21d0bbe47
customer_75d8c5fe4d,ip_5523341b4f
customer_75d8c5fe4d,ip_1918688d73
customer_026640149f,ip_74e736abd3
customer_dd0bc8174e,ip_08b883c992
customer_dd0bc8174e,ip_039abfda86
customer_a557776dfe,ip_5e7b5fdad6
customer_0f7ad11b57,ip_1844e3a662
customer_0f7ad11b57,ip_cf50e56d24
customer_e8830e4e17,ip_98d634224b
customer_3ebaf7e3de,ip_914707125c
customer_b03f1c9174,ip_7793479979
customer_54f23e2711,ip_a4a6f27f69
customer_669d476a96,ip_89a6f11aed
customer_fb0ba6cda4,ip_f4bb799942
customer_fb0ba6cda4,ip_1ab8bb36d6
customer_8b3ea17b1c,ip_3f025c0b23
customer_8b3ea17b1c,ip_09f5fe902b
customer_6a29b8dfb2,ip_2bd3a44c30
customer_ca936fbf5a,ip_c29aa21b50
customer_666bdafa42,ip_adfbe5f7da
customer_9d75952610,ip_d113c3727c
customer_f4af54a669,ip_d08c1cbd81
customer_d77f87d1e0,ip_d74af4b873
customer_8f33ce7fed,ip_9042e67ffb
customer_8ab9233507,ip_6d3d93cf5e
customer_33bb59224e,ip_add22d30d3
customer_aa8005a5b5,ip_2ccf0030af
customer_05abf09552,ip_283919fd32
customer_c1c1f96bb0,ip_a34ccb4099
customer_79af84a90d,ip_586636a2d0
customer_79af84a90d,ip_57ed9465b9
customer_9e9367ae75,ip_436c221d39
customer_ce2e6b502a,ip_d81197089e
customer_b3c7040263,ip_20944a30b8
customer_a2e7de4987,ip_e2a936b601
customer_5dc0ba0db1,ip_51e49d6e1b
customer_1e2ea61979,ip_43019f4bb2
customer_48a5a3a00a,ip_42fe593fe3
customer_55961d3816,ip_73d0c719f3
customer_fb9aeb789f,ip_5128299ef5
customer_37a351caab,ip_8e0f4aaabb
customer_37a351caab,ip_8bf513ecb8
customer_6279f393d0,ip_f75164bfb6
customer_5611dc7aeb,ip_44f6eef410
customer_7477e8f562,ip_25b4efceee
customer_b0564fcd8c,ip_c4332b71bf
customer_b0564fcd8c,ip_e5faea4365
customer_c400d2f358,ip_41b36de49e
customer_6287e018a1,ip_7870daf66e
customer_6287e018a1,ip_db8f4dce72
customer_518b2d1e96,ip_399aaf2447
customer_9f4fcd1cf7,ip_261f78717e
customer_0bd9ec660a,ip_9a42cd3176
customer_c7f45c428e,ip_c4ddfa4bb4
customer_c7f45c428e,ip_10e43cc132
customer_19eaf933ad,ip_7cd29953ed
customer_19eaf933ad,ip_6bee11818a
customer_52ccc4396c,ip_a5ec2549e7
customer_aac07872ff,ip_10640ce76e
customer_1f4d379b72,ip_e52da9376a
customer_bb4cd1ae87,ip_225f490991
customer_cb1b263820,ip_3f025c0b23
customer_6f0c1385f2,ip_a471c6f550
customer_cf3def8ec7,ip_d1b0e3b85d
customer_66269ca16a,ip_c786539df0
customer_4ece3e0be8,ip_43019f4bb2
customer_53ba937bfb,ip_17460d7761
customer_b66e1f1927,ip_bd350bce2f
customer_70c1f3527c,ip_7870daf66e
customer_2d87641dd7,ip_6ef87f9eae
customer_2d87641dd7,ip_a45d5ec15e
customer_711e1e8478,ip_c7455fcbc7
customer_b375e966d9,ip_238ba12cf8
customer_c60397b0f8,ip_7fe5f60787
customer_1e466381d3,ip_9e5a8bdbee
customer_1e466381d3,ip_9adee99452
customer_3b40151b46,ip_a3a770910a
customer_b6b5c00983,ip_ceff49053a
customer_b35de37873,ip_4e84908cd8
customer_b35de37873,ip_4b9521efce
customer_b1be888859,ip_74d954e194
customer_3fb9a7214e,ip_e52da9376a
customer_3fb9a7214e,ip_5127a74052
customer_0edbdb566b,ip_ebf1728b68
customer_a708b461cb,ip_3407e06978
customer_f1168af04e,ip_a59e16bcec
customer_948d9bb058,ip_c4332b71bf
customer_253578485a,ip_d3a5999e31
customer_e1d7149780,ip_a9b4a8f1f5
customer_f276006280,ip_4fb57cdcbf
customer_f276006280,ip_4642588f22
customer_46c2cf2e12,ip_5f19e43c27
customer_5d171f3018,ip_a52c5e75c8
customer_d163e05108,ip_f6ec24275f
customer_94f79f5c22,ip_1bc091fbb9
customer_94f79f5c22,ip_fce901932b
customer_d90c7e800e,ip_fd75cd44ba
customer_04e13c8afb,ip_3b5a1c2cfc
customer_0196e4da33,ip_44f6eef410
customer_5314bc3735,ip_03adf2f0ad
customer_b2bee6d3da,ip_bfa55b4d2e
customer_b2bee6d3da,ip_5c88b46f36
customer_b48f28d774,ip_951109b978
customer_e24e28fa20,ip_7a912b6a46
customer_ff93211328,ip_6ba5b0faed
customer_ad7041e65b,ip_afddd9e641
customer_008a7bd674,ip_ccdccd6d77
customer_221ad66885,ip_86519f11d7
customer_9e1fcdca87,ip_89dd86e4f0
customer_fa937cd308,ip_8bdeaeba05
customer_56892342c6,ip_8554150df9
customer_80aff44916,ip_38950b285b
customer_858e138e06,ip_0568a50efa
customer_d9d7561285,ip_ae5035324c
customer_97d2c40588,ip_368ec3fefa
customer_cbbf9ea3a4,ip_ae62db811f
customer_4a7dde174e,ip_29989f2e7b
customer_cabfe26d1b,ip_5af9c24096
customer_94b57a989f,ip_afddd9e641
customer_b67aebb5fa,ip_0075b33b24
customer_e6627e558b,ip_4c67056521
customer_852a75c82c,ip_5488072242
customer_43015ca3cc,ip_9d2594930c
customer_8eaf936d06,ip_1581220f6b
customer_8eaf936d06,ip_7198fae454
customer_05bd6dde49,ip_0075b33b24
customer_05bd6dde49,ip_be525e55cf
customer_6e37a7a673,ip_7c57ac6665
customer_430b681348,ip_deb1fd16cf
customer_430b681348,ip_53cfbde857
customer_80936d3966,ip_953aad4ad4
customer_4f7b1a92fd,ip_3f025c0b23
customer_bd560e2d14,ip_e4f74eefaf
customer_eff0ff7c81,ip_fedb9c13b8
customer_790474b9da,ip_c4332b71bf
customer_f1d5fc57fc,ip_5471819687
customer_f1d5fc57fc,ip_a6c67bf2a6
customer_bc3ae75395,ip_94b2f67626
customer_8d60152e74,ip_10e43cc132
customer_8d60152e74,ip_c8df7d37d5
customer_532b8be7ee,ip_e06b5b8139
customer_a7de15eec5,ip_6fd737f9d0
customer_daf7f9487d,ip_42e39d62c9
customer_daf7f9487d,ip_d0a4e6761d
customer_fd151698ea,ip_f6edee603a
customer_d601086324,ip_2857337b10
customer_db80e32610,ip_2edf8397cf
customer_16c1c60a2a,ip_e12ca75987
customer_38b51562cd,ip_a51776b265
customer_38b51562cd,ip_bfae3dacd1
customer_673c01875a,ip_774ab46c70
customer_0995ddc0cc,ip_d1c54ecc8b
customer_2e6245d483,ip_03f6cf129b
customer_c5cc328f19,ip_987d871dc4
customer_c5cc328f19,ip_14c4bdde79
customer_32ce9d7424,ip_9bb3c3041c
customer_32ce9d7424,ip_13a1c3bb88
customer_e6140f4be2,ip_f75164bfb6
customer_9d66e6f2ed,ip_c9b408ccf7
customer_765bfd8db1,ip_3c92abb9b8
customer_f41415488a,ip_36ab18f169
customer_f41415488a,ip_3ffb6ef2f8
customer_081ad4c4ba,ip_3feb2fc6b9
customer_132b7d06f2,ip_ffe8012753
customer_72c9dfe1a4,ip_123078e03f
customer_b2f3f287ef,ip_c7455fcbc7
customer_6daa09e748,ip_2a73eff5d0
customer_1d43fca411,ip_8d6e87f4dd
customer_1d43fca411,ip_c7dcfccdac
customer_a3893690eb,ip_a37c3ee1b9
customer_64a8d80bef,ip_a4e21f9e0b
customer_64a8d80bef,ip_fd75cd44ba
customer_92650a3613,ip_401a82657c
customer_b9b4314359,ip_3bb8c210dd
customer_b9b4314359,ip_50c887d730
customer_f4532f55ae,ip_add22d30d3
customer_2e5502851a,ip_276d389fdc
customer_2e5502851a,ip_918c1e708a
customer_4519712d7f,ip_43c733a2a0
customer_d8b3a8e7e9,ip_b7c75080b6
customer_d8714de2b6,ip_04939fdef7
customer_d8714de2b6,ip_ef314b3f34
customer_7677c0157a,ip_469d5907b9
customer_acba87d536,ip_70201658fa
customer_28b52b0ffa,ip_880af0e72d
customer_f5ae09d0d5,ip_db249c9e8e
customer_189d52e8e9,ip_d12e8d2f23
customer_e91916bb9e,ip_2f77b79ba4
customer_e91916bb9e,ip_21a3edce95
customer_5e054d2056,ip_662fee7bf2
customer_5e054d2056,ip_b7b6d9f403
customer_cd564ae427,ip_bbd6a4cd24
customer_cd564ae427,ip_ae98ab9c86
customer_b400c64cb9,ip_6c2fa551c1
customer_08659cef69,ip_c46a752fcc
customer_41605feaae,ip_57ed9465b9
customer_f5c0c3b30b,ip_92290a71a9
customer_4c7f05e5e7,ip_6242dbc2a0
customer_9d04c5e327,ip_7198fae454
customer_9d04c5e327,ip_f2c70a25e0
customer_91d6176305,ip_b9a0896f6b
customer_7fe646d797,ip_399aaf2447
customer_20dc43e80a,ip_bf1b2754f8
customer_3db8f59d73,ip_6ae141b971
customer_f2e5b78bf4,ip_ae62db811f
customer_9e283824e5,ip_f08de4317e
customer_f16bf58882,ip_770eb13329
customer_f16bf58882,ip_774ab46c70
customer_da33ddd514,ip_bfa55b4d2e
customer_f3051cfc5f,ip_7034fb0ad0
customer_23b3156363,ip_7ab9f1b0ee
customer_dfc65a0aae,ip_91e4814a23
customer_3c1c0fd1b1,ip_9509ee733b
customer_4a5f008910,ip_22c665c50a
customer_b0710144bd,ip_6e637fc624
customer_3bb524faee,ip_a0d3345335
customer_368f7c068a,ip_507e9486ac
customer_38d1ae1718,ip_a6791ed616
customer_618f2c07f7,ip_9094adf441
customer_618f2c07f7,ip_e8721f54bb
customer_45cdc7d334,ip_476c51259c
customer_e1e94367b0,ip_6db5011fa9
customer_33256e2386,ip_9e42336f89
customer_33256e2386,ip_3b5a1c2cfc
customer_fd320ce787,ip_1eb6b12fa2
customer_fa6f4124c9,ip_12c5271139
customer_cb79970232,ip_3c92abb9b8
customer_355771700f,ip_1eb6b12fa2
customer_08faeaf377,ip_12ca12390c
customer_8dc224bcc5,ip_19a3e40710
customer_271e316c53,ip_b7f758bcb0
customer_271e316c53,ip_6e281e1850
customer_4482b9c89d,ip_460ac895b1
customer_e3d24e5828,ip_2b1eb1ef59
customer_e3d24e5828,ip_1ddd4019fd
customer_fd2f046215,ip_6cefd66f4d
customer_18be6481f2,ip_07af7ac23e
customer_216b823ac7,ip_027950ef5d
customer_27ad15fae1,ip_884748d202
customer_27ad15fae1,ip_e3cafc78f0
customer_84aee57399,ip_92b99c9387
customer_1c541e2809,ip_4c065a05b5
customer_db938fbbc8,ip_d1b4d178d2
customer_32d407964d,ip_21a3edce95
customer_fc61d06f78,ip_73d0c719f3
customer_fc61d06f78,ip_5ca012623a
customer_0ba8c4e165,ip_ca2032f156
customer_0ba8c4e165,ip_7a3879ca7c
customer_f0593ab743,ip_83c19a4227
customer_f0593ab743,ip_a9a71e7113
customer_a7480b6f9f,ip_20b5c20f15
customer_123381d69a,ip_11e276277d
customer_49477a9317,ip_6a0f47421d
customer_7d4fe7ab4f,ip_a51c9c6031
customer_21993f3f2a,ip_c786539df0
customer_2955d90de2,ip_24fc308133
customer_55caaddf53,ip_34accacd87
customer_55caaddf53,ip_cbab8102f6
customer_2f10616c5c,ip_7dfd72586c
customer_7ad571a5fc,ip_f5daceb3dd
customer_0b586f8bf8,ip_f1729d55aa
customer_0b586f8bf8,ip_58c4902624
customer_5ad59fdf61,ip_fedb9c13b8
customer_9a5c1182f6,ip_a31505ccfa
customer_46ee2ca11c,ip_1a45dc0e30
customer_be5ea83d1a,ip_fcb2060a2b
customer_b0767546d0,ip_c691b5ae6c
customer_a1f23286ec,ip_f0f7a7d931
customer_c6b919ff9a,ip_ce1b665bdf
customer_67f28470a6,ip_19a3e40710
customer_dfe1511651,ip_6e16fc738d
customer_a5c8ec3ce6,ip_93eb302e24
customer_e7d41ef9c1,ip_32835fd8e2
customer_e7d41ef9c1,ip_5a008d3348
customer_8cb94d7bd4,ip_201e26143b
customer_ea776f0d07,ip_9339748756
customer_27f84e8da5,ip_3feeaf06c2
customer_cf75d5587a,ip_de46607b2c
customer_06b9d67c71,ip_d344873edd
customer_06b9d67c71,ip_c202ebdedd
customer_8b90a94e23,ip_2c3f400f69
customer_638dd15357,ip_2be482b222
customer_638dd15357,ip_1a6657466c
customer_c9c6f0f02e,ip_03e41484a2
customer_cf13a8f91b,ip_b24063f39e
customer_e0cb38487a,ip_42f5eddaa8
customer_be500c5584,ip_be525e55cf
customer_73f105591b,ip_d821d6429b
customer_fd0d990fb4,ip_81a1f1586b
customer_34bd33ac53,ip_6ababd9c77
customer_2037485e37,ip_d70d32a497
customer_3d449c6a44,ip_2f15022d6d
customer_e3fc4c33b0,ip_d2dfd65683
customer_e3fc4c33b0,ip_73f5a9083f
customer_c174ffe867,ip_6bfbb25d7f
customer_ed8ab2a873,ip_be5e70b384
customer_5bc8d76a2f,ip_c94fdbe1fc
customer_5bc8d76a2f,ip_e4773d3318
customer_93585677e1,ip_b71d3b7f76
customer_f5ba49c00d,ip_902451d2d5
customer_f5ba49c00d,ip_d25566b7e9
customer_fa158514ad,ip_79ec6248a1
customer_b21fd2578c,ip_e61b7ed1e5
customer_b21fd2578c,ip_dd1b06f8d2
customer_f2d3375825,ip_d7359934c2
customer_ccdf2c5528,ip_17fd62aed9
customer_a004ce34b1,ip_719debeccd
customer_90016b313e,ip_837743896b
customer_5c58bf076d,ip_25b4efceee
customer_259059ee10,ip_8ede44ef19
customer_1cc1a48d02,ip_8ede44ef19
customer_17fc78bf0f,ip_b3f5e4b44f
customer_e693a5896d,ip_8ede44ef19
customer_916f1ad044,ip_b3f5e4b44f
customer_a50f588aae,ip_b3f5e4b44f
customer_871c72218c,ip_0a6de2d129
customer_f16d8a046e,ip_d2a6e54376
customer_24a8a1dd0b,ip_b454d55577
customer_c417468bca,ip_b454d55577
customer_18d751071e,ip_eaaf7b00ac
customer_a126d78bfc,ip_eaaf7b00ac
customer_8d55b308c5,ip_b454d55577
customer_f3d8e7f72a,ip_d2a6e54376
customer_49a3c7578e,ip_d2a6e54376
customer_43c880fc9b,ip_b454d55577
customer_576cf57610,ip_b454d55577
customer_6d3e1d57c4,ip_b454d55577
customer_afc31634e7,ip_d2a6e54376
customer_42578b981e,ip_fd5fae9fa0
customer_684d32cf3c,ip_fd5fae9fa0
customer_0e99b27e9a,ip_809f443f4a
customer_4a10b1355f,ip_d7811782aa
customer_172a85ee43,ip_809f443f4a
customer_4aecb3719a,ip_fd5fae9fa0
customer_d9fbc583a9,ip_809f443f4a
customer_80bae70f36,ip_fd5fae9fa0
customer_9cb9d3f679,ip_fd5fae9fa0
customer_504c048e17,ip_fd5fae9fa0
customer_3dc4b1b351,ip_ffaf923193
customer_64eb7beaab,ip_ffaf923193
customer_404e15f70d,ip_d7811782aa
customer_730fdd8cf1,ip_db74760a98
customer_730fdd8cf1,ip_6b1bcde5b8
customer_730fdd8cf1,ip_e2a936b601
customer_a9dcaff8b8,ip_db74760a98
customer_5f8a1d1a78,ip_db74760a98
customer_0b918ee076,ip_8bfb8bb4ce
customer_4d2163cbcf,ip_8bfb8bb4ce
customer_128ebf5b68,ip_20d9cb7551
customer_3f9dbcd90e,ip_20d9cb7551
customer_d64f24d531,ip_8bfb8bb4ce
customer_87c0da9f7e,ip_20d9cb7551
customer_fdd66e739d,ip_f5b43ab2d3
customer_fdd66e739d,ip_68b963091f
customer_fdd66e739d,ip_423f60a846
customer_0cebd20dd0,ip_b320bdd41a
customer_712451de19,ip_f5b43ab2d3
customer_712451de19,ip_db8f4dce72
customer_712451de19,ip_83779e858f
customer_f6b017d657,ip_f5b43ab2d3
customer_a79d19b497,ip_b320bdd41a
customer_a79d19b497,ip_a3820cd2f6
customer_a79d19b497,ip_1bc091fbb9
customer_7645c9774a,ip_b320bdd41a
customer_f303b05052,ip_b320bdd41a
customer_f4335a9e73,ip_f5b43ab2d3
customer_f4335a9e73,ip_f1aebc2d10
customer_f4335a9e73,ip_5ae265fd4a
customer_b1e3e35d87,ip_d26b09e6f6
customer_c1b82836af,ip_d26b09e6f6
customer_c1b82836af,ip_0d7fdf3655
customer_c1b82836af,ip_940abc7baf
customer_e48061df33,ip_f5b43ab2d3
customer_e48061df33,ip_74caa0cf41
customer_e48061df33,ip_83779e858f
customer_e48061df33,ip_50c887d730
customer_abf301e477,ip_d083b9cd89
customer_abf301e477,ip_c053893e45
customer_abf301e477,ip_940abc7baf
customer_abf301e477,ip_5128299ef5
customer_34e8f2a008,ip_3c98e386c4
customer_34e8f2a008,ip_06dacae0d8
customer_34e8f2a008,ip_71b76fd5aa
customer_3e2a7c639f,ip_d083b9cd89
customer_3e2a7c639f,ip_07bec8efe5
customer_3e2a7c639f,ip_e5dd14ee16
customer_808ef4a502,ip_3c98e386c4
customer_808ef4a502,ip_44f6eef410
customer_808ef4a502,ip_7dfd72586c
customer_ec20621e27,ip_d083b9cd89
customer_ec20621e27,ip_a31505ccfa
customer_ec20621e27,ip_5ae265fd4a
customer_9467977a3f,ip_3c98e386c4
customer_7ee6f62b98,ip_87ab157b00
customer_c18f308b65,ip_3c98e386c4
customer_71adf4d4a0,ip_d083b9cd89
customer_71adf4d4a0,ip_4b9521efce
customer_71adf4d4a0,ip_68fc5ddbfa
customer_3429e19687,ip_a4a32d8128
customer_3429e19687,ip_368a234d8a
customer_3429e19687,ip_19a3e40710
customer_3429e19687,ip_60552d3913
customer_eb04993188,ip_a4a32d8128
customer_eb04993188,ip_8aec477cdc
customer_eb04993188,ip_a4a6f27f69
customer_b907fe6905,ip_2ec1968c2f
customer_b907fe6905,ip_0c4af5da5c
customer_b907fe6905,ip_db249c9e8e
customer_860254584f,ip_2ec1968c2f
customer_860254584f,ip_e20f9f46b3
customer_860254584f,ip_1d76803327
customer_59272f6a81,ip_2ec1968c2f
customer_59272f6a81,ip_dd390b6a7c
customer_59272f6a81,ip_7b499ecaa7
customer_1ccb96cef6,ip_a4a32d8128
customer_1ccb96cef6,ip_8aec477cdc
customer_1ccb96cef6,ip_69f65d09de
customer_1bccb4ed9a,ip_2ec1968c2f
customer_1bccb4ed9a,ip_60552d3913
customer_1bccb4ed9a,ip_75d1da27fe
customer_20423ded21,ip_2ec1968c2f
customer_20423ded21,ip_9094adf441
customer_20423ded21,ip_44f6eef410
customer_990ca3af77,ip_a4a32d8128
customer_990ca3af77,ip_a461f63c0a
customer_990ca3af77,ip_19a3e40710
customer_990ca3af77,ip_dd390b6a7c
customer_6d4894c851,ip_2ec1968c2f
customer_6d4894c851,ip_837743896b
customer_6d4894c851,ip_a5c0f6d0a9
customer_6d4894c851,ip_6b1bcde5b8
customer_5e90e2d43f,ip_d9c52919a9
customer_5e90e2d43f,ip_79e5c55ebc
customer_5e90e2d43f,ip_fedb9c13b8
customer_c9e214e082,ip_d9c52919a9
customer_c9e214e082,ip_58c4902624
customer_c9e214e082,ip_9094adf441
customer_a0adfff59c,ip_d9c52919a9
customer_a0adfff59c,ip_b503fa154b
customer_a0adfff59c,ip_a471c6f550
customer_a0adfff59c,ip_76d51e59df
customer_176d8f5e55,ip_d9c52919a9
customer_176d8f5e55,ip_32916501de
customer_176d8f5e55,ip_c7dcfccdac
customer_9c92aef517,ip_d9c52919a9
customer_9c92aef517,ip_bfc8b728f9
customer_9c92aef517,ip_c7dcfccdac
customer_9c92aef517,ip_5ae265fd4a
customer_7f4ef3bfbb,ip_d9c52919a9
customer_7f4ef3bfbb,ip_7deb743c7a
customer_7f4ef3bfbb,ip_933d9e3b44
customer_7f4ef3bfbb,ip_d9881841f2
customer_fc4f1531d8,ip_d9c52919a9
customer_fc4f1531d8,ip_70201658fa
customer_fc4f1531d8,ip_e5dd14ee16
customer_9c51e5a7ce,ip_d9c52919a9
customer_9c51e5a7ce,ip_74d954e194
customer_9c51e5a7ce,ip_1581220f6b
