account_id,device_id
merchant_76f4c422c1,dev_0e87a636fc
merchant_d297bc5cb8,dev_deb946cc23
merchant_d297bc5cb8,dev_08cd9e3019
merchant_ef67567a32,dev_206e70f49c
merchant_1e82b251fb,dev_53ce0e5f4c
merchant_43683671a7,dev_dcd9464146
merchant_dea115b177,dev_11e581d6c4
merchant_e02f69a9e6,dev_50315c6fac
merchant_e02f69a9e6,dev_363b629cc6
merchant_dac725aa98,dev_3897b7d6f9
merchant_ced987d1b7,dev_498fcb96a8
merchant_611fe2c7a4,dev_9f0b083629
merchant_0ef04a24d3,dev_d51b7e0b21
merchant_5c0e0ad16a,dev_f4812ad682
merchant_0b88e5deed,dev_5e2477c524
merchant_955d0ef58c,dev_cc67c258b4
merchant_bd19748043,dev_f24bd05902
merchant_50642a5ba3,dev_4ac90e8bf2
merchant_533b76f79e,dev_8a5008db1f
merchant_32dfd968a8,dev_ac4d7d830a
merchant_32dfd968a8,dev_386046aa6f
merchant_32dfd968a8,dev_d1ce465d35
merchant_e6bfedf8d3,dev_3bf1dae372
merchant_85a984a4af,dev_57e4334e06
merchant_ade4dd935e,dev_07b2254521
merchant_d8d6fd44ca,dev_7f821c00b0
merchant_d2a420d1e1,dev_b09fe937ce
merchant_324aaa2dbd,dev_e053dbe41f
merchant_486ade3696,dev_0beeee3660
merchant_3f868a4ae4,dev_7b6fee280c
merchant_3f868a4ae4,dev_4ccc276feb
merchant_3f868a4ae4,dev_24605397e5
merchant_4d17ecbefa,dev_245ff7412a
merchant_4d17ecbefa,dev_7887d124c9
merchant_4d17ecbefa,dev_63eb1f4199
merchant_d8c9eefdde,dev_8a5d219281
merchant_490ebaa434,dev_e787ccb8c1
merchant_a2c8cb3913,dev_4a183065f7
merchant_75d03a8a4f,dev_53d271f929
merchant_023afeeaae,dev_05f8a6ba64
merchant_023afeeaae,dev_6dca1b5b72
merchant_411e45354b,dev_3d6179bfdd
merchant_4ee0c40a7c,dev_1834994f26
merchant_f196143ae3,dev_5d2dbaf095
merchant_ad651512db,dev_365e6513cf
merchant_ad651512db,dev_391489dd30
merchant_ecb73ddf74,dev_07054406fa
merchant_044b057689,dev_08cd9e3019
merchant_044b057689,dev_d37cadc8ad
merchant_bfd50c3962,dev_ff81ead6d2
merchant_bfd50c3962,dev_4d650bd0e8
merchant_2c618d37b1,dev_4dcd246aa7
merchant_13373ed8f6,dev_53d271f929
merchant_13373ed8f6,dev_d1327d5cb0
merchant_62eaba69ed,dev_e7e1f82be4
merchant_83ff3f8c24,dev_c1e16dd637
merchant_db2782bfe6,dev_961d7494d0
merchant_db2782bfe6,dev_e1e71f4e95
merchant_12015ab83d,dev_5cf16292ac
merchant_12015ab83d,dev_341b1f6e0e
merchant_853ef13172,dev_db393fa241
merchant_325fbc115b,dev_58994ef37c
merchant_325fbc115b,dev_bc6dd6c9bc
merchant_b838aaae4b,dev_842958b88b
merchant_b838aaae4b,dev_46409e2a14
merchant_da0a454260,dev_ee641d5425
merchant_856077ba67,dev_0e87a636fc
merchant_366b4dc189,dev_59f64e8372
merchant_fd17259e8e,dev_86aa3735a9
merchant_cfd1e174ba,dev_571c5b2056
merchant_cfd1e174ba,dev_bd29eac045
merchant_a2c7c07d5a,dev_7f294e0a1d
merchant_cee52efb18,dev_c9b0e5a181
merchant_94d1495eb7,dev_50315c6fac
merchant_5cc7ba6730,dev_6c9247cb75
merchant_5cc7ba6730,dev_83addc8908
merchant_5cc7ba6730,dev_36871af433
merchant_e05dad4b44,dev_18a18fe98c
merchant_d651598108,dev_b01d4efecc
merchant_d651598108,dev_8a5008db1f
merchant_325eb59299,dev_bda5d3ae65
merchant_325eb59299,dev_03ad9acf79
merchant_ac96661998,dev_57d6b12ee7
merchant_ac96661998,dev_2f4aa0a0d8
merchant_cb7969f12a,dev_66ab0dc303
merchant_c0ad205b97,dev_9e35ea2afb
merchant_96f8cb5c52,dev_b55cc0ac3a
merchant_96f8cb5c52,dev_15376efc7d
merchant_68cc317692,dev_46bf5864cb
merchant_9c64f4ff54,dev_dd6bc69c62
merchant_ce1b94d956,dev_a8a25ea18b
merchant_b141561ac1,dev_2ccaece8f0
merchant_b141561ac1,dev_4af1a23b84
merchant_b141561ac1,dev_387f31e3e5
merchant_d8254dfea6,dev_699666661c
merchant_8db660416b,dev_b3d284e4d5
merchant_b84d3845c0,dev_79bc8c5110
merchant_b84d3845c0,dev_83739a9bb9
merchant_b84d3845c0,dev_c46354c42e
merchant_51d06975f4,dev_dd28e77af9
merchant_2a0753d027,dev_44e27ced42
merchant_733d7ed921,dev_425ae02616
merchant_16b0021c3d,dev_94a0274ead
merchant_324238fca7,dev_ccb3c6fdaf
merchant_324238fca7,dev_b183589027
merchant_ac4b0da892,dev_36871af433
merchant_6ba764d891,dev_92fc936eda
merchant_6ba764d891,dev_19806ca812
merchant_6ba764d891,dev_5d8545eb00
merchant_8d998bbafd,dev_5d8545eb00
merchant_9e183bbb0f,dev_92b8420ae8
merchant_44d93abf2e,dev_6e7cd4b2eb
merchant_46cf9b4497,dev_21d97689de
merchant_cc6fee2e1c,dev_a00e995b4a
merchant_892535c781,dev_f6b4bf2ef7
merchant_ca0ed210fc,dev_05bfcea345
merchant_c740560691,dev_5a7ca9cbb4
merchant_6a9502a23d,dev_976db20c15
merchant_48ac7c6bc1,dev_8ce8d56c56
merchant_c58057df5d,dev_ccb3c6fdaf
merchant_bca564a588,dev_0e31ea6edb
merchant_bca564a588,dev_d09e61cd0c
merchant_bca564a588,dev_e5c4ca26c4
merchant_4ae86f173b,dev_122b73fcc2
merchant_70ed0353f4,dev_0cce33c959
merchant_70ed0353f4,dev_dcd9464146
merchant_70ed0353f4,dev_f0fc802dc5
merchant_537138f4c1,dev_1f2376df68
merchant_a1f9588279,dev_e0c48f157e
merchant_a1f9588279,dev_6d46dcb8e5
merchant_8bc46c1333,dev_a9efaa0b19
merchant_bb6c951fad,dev_858d2d448b
merchant_36ef0ff080,dev_854fb31773
merchant_36ef0ff080,dev_f0cec08168
merchant_fa2c68084b,dev_749e06b4d2
merchant_3852ea0b38,dev_d3d1a0d70c
merchant_3852ea0b38,dev_f4496b0d44
merchant_9ab8cdfd4e,dev_c35547f272
merchant_9ab8cdfd4e,dev_2cf83a3f47
merchant_58c5791f98,dev_094b2a82c7
merchant_5956ea0b3a,dev_06ea49853a
merchant_fa3a834e07,dev_d63a2cff5e
merchant_b59848d3e4,dev_5b505ee982
merchant_0ccf8541a4,dev_c4d6a891c6
merchant_d7a2b30fcd,dev_6378415e25
merchant_c0c49e7c67,dev_22e053a2ee
merchant_2c463a4144,dev_84b87e1827
merchant_2c463a4144,dev_5bbf8a13f9
merchant_95ce7c70a3,dev_501d40dd51
merchant_09aa97b8e1,dev_a1b1cc6a1b
merchant_0a759fba8d,dev_07a6ef713a
merchant_189590e44c,dev_160dfd0837
merchant_43e006ed25,dev_508f97d16c
merchant_de2196e214,dev_a130491b3c
merchant_de2196e214,dev_c5852caed2
merchant_de2196e214,dev_33ac121c5d
merchant_394ec94dc9,dev_91b2f0516a
merchant_394ec94dc9,dev_eb7bb58508
merchant_4df6b3ea10,dev_bbd99c1be8
merchant_4df6b3ea10,dev_8b15978e83
merchant_890b0a63d4,dev_7d655ac096
merchant_17b5b8353a,dev_158a5943a6
merchant_3aed1a1018,dev_e297287aa4
merchant_744e3748c6,dev_59f64e8372
merchant_32eb3672fa,dev_08bebfec09
merchant_32eb3672fa,dev_c6f8248638
merchant_32eb3672fa,dev_6e7a335af1
merchant_ebade428c8,dev_5204ce1004
merchant_ebade428c8,dev_840d621276
merchant_f7f4f2e784,dev_c26f9f3d32
merchant_7f30175a00,dev_7f00b1e837
merchant_ee88ba247c,dev_eeb89fff4e
merchant_ee88ba247c,dev_3818cbcdcc
merchant_ee88ba247c,dev_a724f3e271
merchant_d92eb7c910,dev_2f238506af
merchant_76b019d0fc,dev_8ba2587691
merchant_76b019d0fc,dev_be03b84b8d
merchant_f514c9c4ab,dev_e37c1683c4
merchant_df71fddb9b,dev_5709939e5c
merchant_df71fddb9b,dev_3bf1dae372
merchant_df71fddb9b,dev_d13e3a94cb
merchant_160be4fe9a,dev_be9afada3d
merchant_9b320559e1,dev_fbc0f57b0b
merchant_bdfba2586c,dev_027408732a
merchant_d5f15c6e58,dev_eb7bb58508
merchant_d5f15c6e58,dev_df321ceb08
merchant_40d6e311f3,dev_b3fda498e6
merchant_21ccf76238,dev_83feb14386
merchant_d381f47163,dev_0d2e4d0fdb
merchant_d381f47163,dev_07960137d3
merchant_e12ce22d94,dev_ae947dca4d
merchant_e12ce22d94,dev_1458598688
merchant_24af49b9b5,dev_46409e2a14
merchant_1a265cc161,dev_967a303229
merchant_1a265cc161,dev_30ee0d3d0c
merchant_f8c429050e,dev_3ff254e4a6
merchant_f8c429050e,dev_f90dd53758
merchant_c01d575bcb,dev_aa5e4a6bb3
merchant_c01d575bcb,dev_f19c579371
merchant_dd24fb8842,dev_b4b04965b9
merchant_a509e8ecfd,dev_6f93afbd90
merchant_1a5878be89,dev_6808b3ca8d
merchant_b8ff5fc6f0,dev_191d0e696e
merchant_26008825c7,dev_300a9a9f84
merchant_1e07d84c27,dev_81bf9a8275
merchant_1e07d84c27,dev_d8a8a3cdc7
merchant_c82d941c45,dev_c187dfd417
merchant_3ae8a35653,dev_61890f3463
merchant_3ae8a35653,dev_9e35ea2afb
merchant_83a89dc02d,dev_7fa87c0849
merchant_b6170be848,dev_cd2b54fa91
merchant_cb0179f3fc,dev_44637ddd54
merchant_b26d020843,dev_e9043a30f0
merchant_b26d020843,dev_ac4d7d830a
merchant_dcf26616ec,dev_41e9ef8e4c
merchant_2bce77b231,dev_e8d2fd8616
merchant_2bce77b231,dev_f94fa1971e
merchant_dc991fd385,dev_d6a18fa4c5
merchant_3ee2e7f298,dev_1c819f6a9d
merchant_5715fafa28,dev_79390eb469
merchant_5715fafa28,dev_7f00b1e837
merchant_a667ea9332,dev_976db20c15
merchant_2464ee870a,dev_28cf1a95f3
merchant_2e1647af61,dev_4c703163e4
merchant_1e805c6145,dev_bfada4a7ab
merchant_d3e34e9153,dev_80e78490a5
merchant_d3e34e9153,dev_d120456d80
merchant_d3e34e9153,dev_3e9af6776f
merchant_fdf482d88a,dev_9064a107a9
merchant_ce5f256b89,dev_386046aa6f
merchant_7df81a745c,dev_67afdaf6a0
merchant_46c17728e3,dev_e65d149418
merchant_8ff8941e6e,dev_09895c4085
merchant_e97935ae30,dev_20df5ddba6
merchant_e97935ae30,dev_89590a1594
merchant_716c4ba9f4,dev_e55024561d
merchant_f383cc3b6b,dev_c187b639e1
merchant_ef7513cff9,dev_821242dfae
merchant_b7e262fd9b,dev_36ee62dac4
merchant_661a0a6577,dev_9ae05009d7
merchant_cef39cb6b5,dev_d78d2b116a
merchant_9c7d921504,dev_c5effc0e25
merchant_405392bc43,dev_5138bfbabc
merchant_2dd34936eb,dev_faebbdd594
merchant_3d1cfd6854,dev_02165edf74
merchant_470da00bc5,dev_5fc55cf9a0
merchant_470da00bc5,dev_e3ddb1424e
merchant_470da00bc5,dev_ffbfc929b7
merchant_25161a1ff4,dev_5920057a85
merchant_e5219bc68f,dev_d7e6832c38
merchant_ab7d121bb0,dev_50315c6fac
merchant_ab7d121bb0,dev_3542176ef6
merchant_ab7d121bb0,dev_b4b04965b9
merchant_92a0b6c958,dev_0751f931d5
merchant_92a0b6c958,dev_d150f8adf7
merchant_92a0b6c958,dev_05f8a6ba64
merchant_a7deeaa623,dev_859f90bcee
merchant_ac01143fca,dev_749e06b4d2
merchant_c1bcca8fe5,dev_9f8092a098
merchant_30fc98f4d9,dev_bd2efcc762
merchant_5761853a76,dev_0c2dfaf3eb
merchant_5761853a76,dev_e0d0d43580
merchant_0278c56351,dev_74f03d6ac7
merchant_0278c56351,dev_fb995d0cd2
merchant_9188f57201,dev_3494c9ccce
merchant_2d02e31287,dev_86c47b9ebc
merchant_4bd651109d,dev_34eff2439c
merchant_4bd651109d,dev_9258e1259d
merchant_ed1c7ea31d,dev_e8e8f92cce
merchant_2e4386ad3a,dev_94f01c17bb
merchant_2e4386ad3a,dev_84854763a9
merchant_9f98f80760,dev_bfada4a7ab
merchant_9f98f80760,dev_d5299772e8
merchant_9f98f80760,dev_010120b4cd
merchant_cc11440920,dev_eda5b7efce
merchant_c513d2154c,dev_a732b43474
merchant_15b3fc049a,dev_99221e28f3
merchant_15b3fc049a,dev_f648dd395b
merchant_6fede9cdbb,dev_2b616e3b7c
merchant_6fede9cdbb,dev_8c1a2cfa93
merchant_8f62609182,dev_37dbd9910d
merchant_c8012c859d,dev_56fafbc699
merchant_250cceea1f,dev_9665f03f76
merchant_6f8eee3724,dev_0bddb444e3
merchant_cf021dbdf2,dev_da775d82c2
merchant_cf021dbdf2,dev_8700cc0478
merchant_38ac51e48e,dev_9fc085b702
merchant_27fb2f26d0,dev_80839174fc
merchant_27fb2f26d0,dev_3d5d04f802
merchant_27fb2f26d0,dev_9745ec2c4f
merchant_4c3825cf10,dev_41bb2dd6b3
merchant_6bb58eccd5,dev_7cbb9dc40c
merchant_d031106595,dev_f9d51e0d26
merchant_44da52fd7d,dev_1b26873653
merchant_44da52fd7d,dev_f0fc802dc5
merchant_011f830b5f,dev_501d40dd51
merchant_7e7416d2f7,dev_4e9ecf4e07
merchant_72eb223a0d,dev_e98662c677
merchant_0b5d8d9c69,dev_1ee645f61d
merchant_6d0b603795,dev_7d11934759
merchant_2e98c6b422,dev_67ec7ed74e
merchant_c6e2221b45,dev_1e21aafe75
merchant_5a413195b9,dev_167e8f5bc5
merchant_65cc380297,dev_bc50a569f0
merchant_65cc380297,dev_b5bf0e5d50
merchant_49825407f0,dev_0e7f52d548
merchant_d825833979,dev_977fa0d976
merchant_8129574282,dev_06facc7d3f
merchant_8129574282,dev_86c47b9ebc
merchant_1c18792c31,dev_46bf5864cb
merchant_1c18792c31,dev_b4e3ee47bb
merchant_1c18792c31,dev_e810928cd4
merchant_bdca485ba3,dev_e55024561d
merchant_4bab3e52cc,dev_0999f95dd7
merchant_4bab3e52cc,dev_1ba8227536
merchant_17d903b3fa,dev_c374ac8880
merchant_c9d63dba04,dev_5ef2e44185
merchant_debc8cd22a,dev_c6a0978f3b
merchant_3fc13ce232,dev_7352428aaf
merchant_f1f63b1fd4,dev_d8a8a3cdc7
merchant_4b77d1b94d,dev_25ea0fddc4
merchant_4b77d1b94d,dev_6fa9f68c45
merchant_697640aec9,dev_6808b3ca8d
merchant_697640aec9,dev_842958b88b
merchant_697640aec9,dev_361dbf9a92
merchant_acd032c078,dev_76083a59f3
merchant_ffc2644133,dev_11453d9590
merchant_1813777cd7,dev_f648dd395b
merchant_bef02b97e4,dev_d5afe23207
merchant_40cea7e200,dev_d062b1420a
merchant_22e6ffc7e7,dev_54de02e0ac
merchant_e15b7c92ee,dev_c7ed5c38e3
merchant_e15b7c92ee,dev_fcd87f1cd8
merchant_e15b7c92ee,dev_5887c891ff
merchant_878f4d1af0,dev_61cffed766
merchant_7b8f5fa9d7,dev_e992cfa8d7
merchant_7faaeacb31,dev_4190ea4530
merchant_9d280af352,dev_244f274c7b
merchant_0b660dd7eb,dev_980c971275
merchant_0b660dd7eb,dev_c75ea2734f
merchant_0b660dd7eb,dev_a2eead31c2
merchant_a60d27c393,dev_177efff272
merchant_58f628b832,dev_2f27b6ea23
merchant_8837311e26,dev_76fa2f0f8a
merchant_13a8b8143c,dev_c1e16dd637
merchant_3cae68357c,dev_55ac4f63a4
merchant_3cae68357c,dev_6ac08e3af0
merchant_3cae68357c,dev_117f694352
merchant_3beb97db4e,dev_ddf4f4e3e8
merchant_dab07a9d8f,dev_c542caf844
merchant_015ae2a9e7,dev_22593cf75a
merchant_a2fe0ea44c,dev_96f81d9157
merchant_a2fe0ea44c,dev_e501789bb4
merchant_3634d00e63,dev_16eb8472f2
merchant_3634d00e63,dev_3a402ebc28
merchant_3634d00e63,dev_0700052f63
merchant_f65a2ffc97,dev_a97acf3bfe
merchant_f497a01473,dev_3bd2fbd8dc
merchant_f497a01473,dev_06facc7d3f
merchant_f497a01473,dev_b9a488a879
merchant_1d46e3117e,dev_c3d419ce38
merchant_efd04f28a0,dev_17ab0914b8
merchant_fb5b4ece74,dev_c18f2c61fe
merchant_fb5b4ece74,dev_37fd7a4081
merchant_fb5b4ece74,dev_8ac125a82a
merchant_cad20b66a3,dev_cd06db80dc
merchant_6b381e4052,dev_d0b8c30531
merchant_6b381e4052,dev_a0b089f78c
merchant_6b381e4052,dev_b02cd83285
merchant_ad85ddbc05,dev_42488bc2c4
merchant_ad85ddbc05,dev_0dc02e7cc0
merchant_bd40307519,dev_3d917c36ba
merchant_24c63dabf1,dev_8cb6326eb4
merchant_37bf71e449,dev_55a3125468
merchant_37bf71e449,dev_5fc55cf9a0
merchant_04fcd92764,dev_58994ef37c
merchant_04fcd92764,dev_e8e8f92cce
merchant_04fcd92764,dev_4ac90e8bf2
merchant_87542d85a2,dev_e35fc4a3a7
merchant_87542d85a2,dev_7f1bd2fcd1
merchant_1759d6bdc9,dev_f3efa4b4fb
merchant_1759d6bdc9,dev_55a3125468
merchant_1e94d8e9d7,dev_4190ea4530
merchant_aa6577fe5e,dev_1834994f26
merchant_aa6577fe5e,dev_c7678b6c8a
merchant_aa6577fe5e,dev_fca9f0c254
merchant_8e82cdf019,dev_f55db24155
merchant_e30bddf350,dev_05d9b0a83b
merchant_a7ece4f347,dev_b4770a6b25
merchant_bc530d76a5,dev_85061429bb
merchant_c4244dbf5b,dev_73ea5e1251
merchant_85f53ab991,dev_c8850245f2
merchant_88588d3f08,dev_1bf24a96a8
merchant_88588d3f08,dev_2796adbdbf
merchant_92d2a0597e,dev_b0b05c9de9
merchant_68505ba3e8,dev_58994ef37c
merchant_68505ba3e8,dev_27933d3457
merchant_c1e9323169,dev_31ec92a61d
merchant_c1e9323169,dev_d7e2219406
merchant_ac46d47e02,dev_b70c5d4ebe
merchant_9ee82851be,dev_ae5fafc336
merchant_32dc63cfbe,dev_17f675567c
merchant_b529aac637,dev_3acd38acc8
merchant_b529aac637,dev_fe290de0b1
merchant_e4a3cb293e,dev_916ddc93c2
merchant_3090b40d1d,dev_2c6c4f79d3
merchant_b97d76db5a,dev_8fceafcb8f
merchant_b97d76db5a,dev_4e6d80acad
merchant_90a02b16f1,dev_12c00e91c5
merchant_90ef6b148b,dev_9278060db5
merchant_ef8acf78fe,dev_28d7138d42
merchant_2be99ef2a2,dev_ce5146f8f2
merchant_bc336acd6d,dev_ab9951479a
merchant_202285b5b9,dev_c09693565c
merchant_40d2065d3c,dev_2c51b9e2c6
merchant_2a615c0dbf,dev_3ff254e4a6
merchant_45cd61d7d8,dev_b45c49fe69
merchant_a34952427f,dev_d1a9668f91
merchant_a34952427f,dev_439d2c46cf
merchant_b0b29fd287,dev_b3132a11d5
merchant_e0febe6d4b,dev_fb1f7a56a4
merchant_f65d6a4821,dev_866eed28d3
merchant_dd67ea5c49,dev_e65d149418
merchant_05de74c954,dev_741473b9c2
merchant_062a932540,dev_9e62e2ebc5
merchant_353fac1801,dev_90e17567fd
merchant_efb3738ddc,dev_6837863c87
merchant_49814f3e96,dev_89fcab2ed8
merchant_7a18bddbe7,dev_50ae63b55e
merchant_7a18bddbe7,dev_d79f8ed6d6
merchant_a40bcf4236,dev_be63bd2b1b
merchant_7beae2e135,dev_01f17c22d0
merchant_7beae2e135,dev_b3d284e4d5
merchant_3e0344e933,dev_00f28a0260
merchant_734fbb4cd6,dev_1b160a333f
merchant_b7b88e67e4,dev_73d8467282
merchant_87fbaf1e3b,dev_81ae5253c2
merchant_eb11452895,dev_71ea1fad0c
merchant_1900464c28,dev_ba3d5c9819
merchant_1900464c28,dev_2c273190fa
merchant_d797cd53c6,dev_6c7a430a4c
merchant_ad2086abd4,dev_a33719e636
merchant_369dd15572,dev_5bbf8a13f9
merchant_5c0e8c516d,dev_22593cf75a
merchant_773feaf741,dev_ea4d823f4e
merchant_86cdc878e0,dev_cba29224df
merchant_c772b461f2,dev_69288e1487
merchant_9343709585,dev_436bdf72a5
merchant_5b029db4a1,dev_78e42a1de9
merchant_5b029db4a1,dev_2bc2fcce08
merchant_b0efe6bd7d,dev_7d6ac496f2
merchant_8ac42f8307,dev_fcdbea15ee
merchant_98d2b35a43,dev_175a5f35d0
merchant_5fa634aa1f,dev_126caaeba6
merchant_1e8965bbb4,dev_3d33922ea8
merchant_cec71126f9,dev_6ae6d7b3a5
merchant_d238786ef0,dev_3769be49ec
merchant_a94de1afd3,dev_36db38ae40
merchant_2077899195,dev_b4e3ee47bb
merchant_dbf6a53ae2,dev_1ba8227536
merchant_b28b91e2e8,dev_61cffed766
merchant_469b408b42,dev_149e12c670
merchant_5e9aa738ba,dev_e787ccb8c1
merchant_c8ed944d4c,dev_3a4b3ea888
merchant_ceef3c5b2e,dev_91ba742b4e
merchant_ceef3c5b2e,dev_11792c0bbd
merchant_ceef3c5b2e,dev_d79f8ed6d6
merchant_379d6889d6,dev_ee641d5425
merchant_379d6889d6,dev_b342dded3c
merchant_a79e59d135,dev_1c5bdd652e
merchant_4f15750eff,dev_34eff2439c
merchant_4f15750eff,dev_7d11934759
merchant_4f15750eff,dev_187746456c
merchant_64b03ac671,dev_f220be0045
merchant_63a83efe6b,dev_0ae679a40c
merchant_63a83efe6b,dev_8ffa976753
merchant_a12b816ca6,dev_17e9e72c6b
merchant_e3f40abbcf,dev_aaf3eaea7c
merchant_ae737c21dd,dev_bea1b1b5e8
merchant_52e70721ce,dev_34f1aefd84
merchant_44f4e41762,dev_14ec10395a
merchant_5a343d9d01,dev_10bba8338e
merchant_cdcdcc8a82,dev_85e7a6aa1d
merchant_cc86673f15,dev_a3e79a72b9
merchant_81a252bf42,dev_58f9bbfefc
merchant_8ee2923286,dev_61cffed766
merchant_a787a0a089,dev_7275bfb803
merchant_a787a0a089,dev_4cf8c667c3
merchant_69f719a151,dev_d84c6fed25
merchant_29de0e5f0f,dev_1b26873653
merchant_25dec4508e,dev_7af43ee186
merchant_25dec4508e,dev_11ed6ddddd
merchant_90c42b0cb1,dev_dcc9aa4baf
merchant_31b6385c48,dev_4f93cedcda
merchant_31b6385c48,dev_08bebfec09
merchant_31b6385c48,dev_6b04e03903
merchant_8fcbe8270b,dev_02a8703f1f
merchant_926c932d0e,dev_642705f192
merchant_b9ab72a470,dev_21d97689de
merchant_d8658eecf5,dev_f7aeb2df6b
merchant_f3aad700dd,dev_e97ca81c5f
merchant_490f83daf9,dev_961d7494d0
merchant_274792d45f,dev_c3524f9f81
merchant_d174e3172c,dev_05b6ea87e1
merchant_a9e65440f4,dev_003276f722
merchant_76d6a5e212,dev_85e7a6aa1d
merchant_e19740f862,dev_8886703ef3
merchant_e19740f862,dev_200349d46b
merchant_80897e31f2,dev_866eed28d3
merchant_f1821ccda7,dev_9064a107a9
merchant_ffed855439,dev_4af1a23b84
merchant_ffed855439,dev_5b505ee982
merchant_028ff704b3,dev_6dec2e3e1b
merchant_6e98a2e7b7,dev_749e06b4d2
merchant_68ce87b514,dev_1a7b39928e
merchant_e4a3f684eb,dev_deeddf6661
merchant_e71dfdb46a,dev_dd6ffdcc62
merchant_e71dfdb46a,dev_749fee91b0
merchant_522c7daea3,dev_f6b4bf2ef7
merchant_f8ca4fd0ed,dev_73ea5e1251
merchant_18e262ed2a,dev_f736979ac8
merchant_f8852926a0,dev_4a7d5d7fdc
merchant_f8852926a0,dev_0613c9b6ff
merchant_bbcfc42057,dev_2c017688ea
merchant_166598d37b,dev_e8e8f92cce
merchant_9eceb1bbfd,dev_8baaa272bf
merchant_6b929e890d,dev_fb8fa3af12
merchant_6b929e890d,dev_7e8217102e
merchant_0cbfe24037,dev_f3244f450a
merchant_027f643824,dev_e4587d3475
merchant_027f643824,dev_8f24b754a9
merchant_c93e4800c4,dev_2ae584efa4
merchant_ff7d979eb1,dev_29899588e0
merchant_5f1943e21c,dev_eb7bb58508
merchant_aa965ededd,dev_7e86c8cd8a
merchant_7c3965981e,dev_ea79c4edc0
merchant_65071c01c7,dev_c9b0e5a181
merchant_b0c9e1860a,dev_d31b74eae0
merchant_e06660bb09,dev_578af4dfee
merchant_c4d8ad7892,dev_15ca3ea35a
merchant_c4d8ad7892,dev_deb4a6aadb
merchant_c4d8ad7892,dev_a4142d0799
merchant_5d52371562,dev_5efee4baeb
customer_992187960b,dev_7073f39bce
customer_bdea34a564,dev_012a42d234
customer_3e994bca7f,dev_f2e3a80412
customer_aae93b9df3,dev_80e1eea8ef
customer_aae93b9df3,dev_205ccdb732
customer_1dd1e2fd22,dev_b60e179211
customer_c727e29f52,dev_a963e5fa97
customer_c727e29f52,dev_976db20c15
customer_9cb6403a37,dev_37f1de6356
customer_e9873334d9,dev_cfd084aa76
customer_e9873334d9,dev_4b3beeec4b
customer_f7f18caa71,dev_3d270ca6e4
customer_dfe83538e9,dev_55d60a33d6
customer_44a33beba6,dev_93d01aeffd
customer_8f5df6865d,dev_b8229ed97a
customer_e4dfc3bc61,dev_2f7bbe4a22
customer_6c893b89f6,dev_005c39a4a9
customer_89eb3ba395,dev_e8e8f92cce
customer_84b6e52b01,dev_f5ac56d398
customer_bfcca5c192,dev_7062423293
customer_17db3fd369,dev_02f8942e70
customer_7500bccf55,dev_0e31ea6edb
customer_7500bccf55,dev_dad3d6ffe8
customer_2dc8acb191,dev_b4770a6b25
customer_ffb42bbb1f,dev_02f8942e70
customer_0da6d13151,dev_b8229ed97a
customer_70665f17b1,dev_ac4d7d830a
customer_80513064cb,dev_686fb2d8ae
customer_41aec04d9b,dev_91e7f79da9
customer_68766249e7,dev_7d1d3a913b
customer_4ff2f68baf,dev_89fcab2ed8
customer_b6357787d8,dev_481cd8c217
customer_fddc28ed3c,dev_8cb6326eb4
customer_84841e9852,dev_4f3308fcfc
customer_6b953c895a,dev_da7341a169
customer_be75f31195,dev_38cdd8b68f
customer_41a5f96fc3,dev_b9562e0c02
customer_f30e8445b7,dev_3be6120d1c
customer_6df14214ee,dev_5e219b7b0a
customer_6df14214ee,dev_6dc0bd2747
customer_7790c464bb,dev_fca9f0c254
customer_ace1f722e1,dev_501d40dd51
customer_d7cbd03182,dev_2b8404d0bd
customer_7540b07d3f,dev_7af43ee186
customer_f3856bde89,dev_592bdda002
customer_5f1ec0a9c6,dev_dd624a4cc6
customer_77cf724c2f,dev_7c774d263f
customer_937e7ef701,dev_f2e3a80412
customer_73df9ed94f,dev_5e5d8a6db5
customer_b07152b8a3,dev_7e86b0b1a3
customer_c7075d8877,dev_79a209ed3e
customer_a517bc2deb,dev_3ef2808b1e
customer_948dc5a84d,dev_3ad74ed07e
customer_6980263b2b,dev_ea51297c87
customer_83559dc96c,dev_ea51297c87
customer_88ed88642a,dev_24902d25eb
customer_27ebe6c06b,dev_825baa9086
customer_e1bd880532,dev_7fa87c0849
customer_d1bd6c96a2,dev_62f36a3eda
customer_4dc92e7751,dev_5855d9408b
customer_480bf7b4b4,dev_5e551cb802
customer_e2412e07c0,dev_1471e5cf78
customer_8313c3e60a,dev_84c6c643ff
customer_03cda70b1e,dev_18a18fe98c
customer_0a623cd383,dev_3c894a24e5
customer_8e79be04dd,dev_8ff2e27c39
customer_8e79be04dd,dev_aaf3eaea7c
customer_c928330ca0,dev_066ecc1ce8
customer_c928330ca0,dev_4cb3137371
customer_488ffcb61c,dev_a7a5b84feb
customer_2961fc89ee,dev_056ed58752
customer_0c64a3d9c4,dev_af8b9bb126
customer_77685eda98,dev_4b1b285ba4
customer_390512c0ba,dev_73eda3a979
customer_390512c0ba,dev_aa09669fe6
customer_99878fe56a,dev_010120b4cd
customer_58310c2fab,dev_fb27cba925
customer_915f92bcfe,dev_9665f03f76
customer_2dbbcdd69b,dev_0d2e4d0fdb
customer_42d302e4ee,dev_d3cb458c1a
customer_5ba38d49d0,dev_ef7aa3bd11
customer_8f4db46e04,dev_b048fbed89
customer_8750a3b204,dev_6837863c87
customer_8750a3b204,dev_be03b84b8d
customer_cfdf5378b4,dev_dc2989e2be
customer_15b62f01fd,dev_7e1f1d6626
customer_2eede291b5,dev_07960137d3
customer_8e5315c141,dev_522304ab5e
customer_234853293e,dev_73ce9e8ec1
customer_3b8412e40a,dev_51332cd378
customer_2ae3a78441,dev_3b6f8cd11c
customer_3f30a2152d,dev_25ea0fddc4
customer_0e4ad866dd,dev_a6707ca607
customer_ad8e6a7613,dev_343aaff748
customer_3f787fd731,dev_140fb68fc3
customer_0e0e0d126a,dev_1b160a333f
customer_2fa062f618,dev_014e1c6289
customer_72800407cc,dev_79a209ed3e
customer_fdf523a92c,dev_3b6f8cd11c
customer_c1489b1b3c,dev_822c8b9991
customer_c1294acfb1,dev_39e37f3501
customer_a249c8d693,dev_4cf8c667c3
customer_c7663e7f92,dev_50de2a1e91
customer_39f9c1714a,dev_5936bc8e62
customer_18344766d1,dev_bb10b419e4
customer_f67a6f81bc,dev_d19ece39b2
customer_190083ff0f,dev_4c824602ba
customer_99acff85fa,dev_0bd931fb72
customer_99acff85fa,dev_07054406fa
customer_3a8013014e,dev_8f92646dd8
customer_3a8013014e,dev_69b823be7c
customer_b3557acb03,dev_7d11934759
customer_b1ea77f4a7,dev_44aa7c6a0b
customer_b1ea77f4a7,dev_6c9247cb75
customer_66f95a6699,dev_ecd459968d
customer_a7268d6a55,dev_0a133b085e
customer_d0c3d29b78,dev_8e974930c2
customer_81df3b2e43,dev_bb9544c2cd
customer_9f61e9fb30,dev_7a48bac3cb
customer_9f61e9fb30,dev_474b37845e
customer_926888b4d5,dev_d63a2cff5e
customer_7698fe97f0,dev_b0400123ad
customer_8d55545088,dev_02165edf74
customer_8d55545088,dev_3c894a24e5
customer_423e780572,dev_14190c7f9b
customer_7bd2454f6e,dev_cba29224df
customer_7bd2454f6e,dev_0cd50058de
customer_8ced0475b9,dev_8502ceedc4
customer_8ced0475b9,dev_1f2376df68
customer_152fce5c60,dev_ae6d6ef44e
customer_152fce5c60,dev_85c6da785c
customer_f32abf90da,dev_dcc9aa4baf
customer_0f5dbe96da,dev_46cc33f14c
customer_d5cba656fb,dev_08bce08858
customer_47a4b50a79,dev_f436b1256a
customer_fcf4b481a4,dev_8a4e3b3fa0
customer_212c2d819c,dev_68b7c03a12
customer_35fd6778a4,dev_5d2dbaf095
customer_8e558f1e24,dev_bc8dfc5759
customer_b9cd833d60,dev_68b7c03a12
customer_b9cd833d60,dev_f3cd4f9263
customer_2becec9d4c,dev_279ba76813
customer_d6728d9c01,dev_aa098662aa
customer_d6728d9c01,dev_c46354c42e
customer_347c1a412c,dev_74eedd8889
customer_347c1a412c,dev_7062423293
customer_d2c001a140,dev_479120cc32
customer_d2c001a140,dev_4773f09402
customer_cdfb443daf,dev_14ffd6f57c
customer_cdfb443daf,dev_29899588e0
customer_8e00a841ea,dev_687b890f1f
customer_36b08d36ce,dev_1e21aafe75
customer_095c70ca2a,dev_62e79c6797
customer_095c70ca2a,dev_bc8dfc5759
customer_8744ffff02,dev_3bd2fbd8dc
customer_6288817c04,dev_72dd75a378
customer_cfb35fc2a8,dev_0c1470599c
customer_1eb3653c34,dev_28bd86b333
customer_d7397303a5,dev_af394adf5f
customer_d5c7dbed59,dev_508f97d16c
customer_b83cd52f7a,dev_8cb6326eb4
customer_b83cd52f7a,dev_126caaeba6
customer_9c7a5768b3,dev_e94bbf8e1f
customer_3b8ecbd543,dev_921dbada9c
customer_bd510044a7,dev_9c1ee1d1cc
customer_6771f84857,dev_7b41ade19b
customer_e1e65e6c37,dev_c26a91c63d
customer_e1e65e6c37,dev_bc21744d13
customer_f55170b64a,dev_73a6319f6d
customer_c7da874956,dev_0e31ea6edb
customer_c7da874956,dev_761762cf59
customer_be3ea5a496,dev_2117899ba3
customer_be3ea5a496,dev_14190c7f9b
customer_f7a7eddec3,dev_498fcb96a8
customer_3f9926b2b0,dev_07054406fa
customer_087ae0c79f,dev_2c6da35b3c
customer_8fdaf28e09,dev_f4c9daee72
customer_d8c0baeb95,dev_13340f027f
customer_cb30fd5b69,dev_1458598688
customer_cb30fd5b69,dev_012a42d234
customer_1844d263f0,dev_4cf8c667c3
customer_1844d263f0,dev_2c6c4f79d3
customer_f641809faf,dev_991aa6022f
customer_d77c700add,dev_f6fa19adfc
customer_824963e0d1,dev_5e5d8a6db5
customer_a7b9659de5,dev_741473b9c2
customer_d7efc21ccd,dev_000ec8226b
customer_ac7e6bb3de,dev_ec6c1a1840
customer_92ea025927,dev_2bc2fcce08
customer_1dc900feff,dev_70801d2728
customer_1dc900feff,dev_43bb34f9b6
customer_efc021ee7f,dev_fb5120648e
customer_efc021ee7f,dev_6eb0ff6d61
customer_d263d960ac,dev_d5299772e8
customer_f9f6be610e,dev_32acca8b2b
customer_15c082d205,dev_71ea1fad0c
customer_75c7ba839b,dev_8a8ff53c3f
customer_bd9a8a82f3,dev_562710252c
customer_5c5699a993,dev_54dfd032aa
customer_69a98ea39f,dev_cf4c07a0c3
customer_69a98ea39f,dev_3c894a24e5
customer_6eb04d8cf4,dev_a65c3b4003
customer_1fdade4397,dev_92b8420ae8
customer_4d1fd152d2,dev_9ab8d037c2
customer_d6bb75f6e3,dev_3a0e17ee94
customer_4ffb507005,dev_126caaeba6
customer_28014cea89,dev_5fc55cf9a0
customer_28014cea89,dev_e8e0680253
customer_13ff95b032,dev_d9fde10ad4
customer_747ab9136c,dev_c4d6a891c6
customer_b7e16e66cc,dev_d4f022955b
customer_f9bd3aff01,dev_2f2a0c6a4e
customer_c067cd1536,dev_44aa7c6a0b
customer_c067cd1536,dev_76fa2f0f8a
customer_aa12f7b44c,dev_dcd9464146
customer_11e8ba20c2,dev_5709939e5c
customer_9a412ab8cc,dev_ffd75001fd
customer_a5214e0023,dev_8700cc0478
customer_399f885f94,dev_6c0c446323
customer_0dfe219ccc,dev_5744e56f81
customer_b655f24c9a,dev_4cf8c667c3
customer_58ce8e435c,dev_eb950e37d6
customer_c09706aab2,dev_77b080d381
customer_b25c56b3ff,dev_be76148d55
customer_6014a0e50c,dev_aa5e4a6bb3
customer_6014a0e50c,dev_b5f90a432e
customer_e08e609b49,dev_00045d99ea
customer_7a6b6c1c9b,dev_6074f70524
customer_43fcda5c79,dev_bfada4a7ab
customer_e157b05765,dev_f340340f2e
customer_0ed62b95d7,dev_8a02ae3104
customer_03102c63e2,dev_c143e80a91
customer_9d9c464276,dev_dd9098d4f2
customer_e1217e814d,dev_651531db6e
customer_e1217e814d,dev_52c3ad38a3
customer_2d3f7cea76,dev_f2348326e0
customer_8de6635442,dev_9c75ca6bdf
customer_597e4e2f1e,dev_d1327d5cb0
customer_0e6017469b,dev_44637ddd54
customer_a2ab1035e8,dev_2ecbfda319
customer_39e692d417,dev_386046aa6f
customer_1130ca9418,dev_1ee645f61d
customer_de0da5d31e,dev_3542176ef6
customer_3b527c483c,dev_27b937e0d8
customer_46ff983cf6,dev_7b4c9ba65f
customer_ddee4ddb88,dev_80ad45fb42
customer_8faa881e85,dev_c53befad9e
customer_8faa881e85,dev_cce2720c11
customer_b06812e0d1,dev_5ef2e44185
customer_09c80825a6,dev_58923e2de7
customer_554c745898,dev_50ae63b55e
customer_7a6c8ca22d,dev_f94fa1971e
customer_7a6c8ca22d,dev_db6240cefc
customer_940207296c,dev_605587603f
customer_940207296c,dev_14ec10395a
customer_8f37e156b1,dev_06c29c982d
customer_ded1f747b3,dev_14ffd6f57c
customer_7b6daf7c10,dev_c46f715e25
customer_7b6daf7c10,dev_ef7aa3bd11
customer_7a2493c541,dev_f2348326e0
customer_7a2493c541,dev_27954fe3f9
customer_1bb0d846a8,dev_f14bb3b833
customer_1bb0d846a8,dev_821242dfae
customer_3f5542be31,dev_6fa9f68c45
customer_abf9c00ce4,dev_33ac121c5d
customer_7e44a98593,dev_9fb49d0714
customer_3e854d3227,dev_b690d5ae33
customer_3e854d3227,dev_e4a055e7e8
customer_139e41206f,dev_67668a804e
customer_6bd6505306,dev_02cb4d4f39
customer_db022ccd0e,dev_980249949c
customer_350f274fa6,dev_559ec2ee75
customer_8babf58817,dev_5ce0e76bed
customer_cd575fca80,dev_197eabb5a6
customer_50c2f9d756,dev_8ff2e27c39
customer_4f43185008,dev_1c819f6a9d
customer_9e9283fecd,dev_22f7517d31
customer_baa7e24d43,dev_6074f70524
customer_4150445ab9,dev_387f31e3e5
customer_d94480265c,dev_b9767d78e6
customer_b7c9da1e50,dev_03ad9acf79
customer_19b8f65965,dev_989ee36379
customer_ae97415f87,dev_915942bfd6
customer_fe6535938b,dev_70fae4c444
customer_a50eda95b7,dev_422a6a6779
customer_340c8670e4,dev_899a28e129
customer_e71935152f,dev_87a764c0ed
customer_bd338696be,dev_363b629cc6
customer_35212368b8,dev_542e68a6ec
customer_711f879abd,dev_50ae63b55e
customer_c9ecb3eb3e,dev_1834994f26
customer_8000e428f1,dev_7e86b0b1a3
customer_e9b11eed9e,dev_d01799349d
customer_33e79b25e1,dev_8ac125a82a
customer_e1359b2f38,dev_391489dd30
customer_0a76e1530d,dev_51cfade590
customer_8171a24aab,dev_b90edaab6e
customer_460c9d7a83,dev_2678dcecc4
customer_5ed9d32403,dev_e186a75e5d
customer_1deeb12af8,dev_c05c2d9b88
customer_00a0c04a70,dev_73a6319f6d
customer_3976092cfd,dev_deb7479b12
customer_907965162f,dev_8a491b143e
customer_60620ea061,dev_40a93cf1fd
customer_17723ccd4a,dev_e64b301fe6
customer_17723ccd4a,dev_bbbcea6652
customer_644d44de80,dev_e0e1d747fd
customer_644d44de80,dev_60c40f00fb
customer_6f9fea6b29,dev_a37dff70bb
customer_cb3669e6c4,dev_980249949c
customer_2a73a261cd,dev_d0815ef694
customer_2be32c75f5,dev_fa3ccbc696
customer_fe7ca10818,dev_e0e9a1c595
customer_fe7ca10818,dev_c397d68f8f
customer_dc23d8d2ff,dev_73eda3a979
customer_7dc3e9ff2b,dev_46cc33f14c
customer_3a9c1bbf62,dev_c3815bb4d4
customer_8e2cb9d2e9,dev_6d0f20b0c7
customer_8e2cb9d2e9,dev_a130491b3c
customer_2c96cf2478,dev_0bddb444e3
customer_d7cd80fc1e,dev_70801d2728
customer_94fb367aee,dev_1a18d6da5a
customer_94fb367aee,dev_6446cc2173
customer_e9601cecb9,dev_4f93cedcda
customer_e9601cecb9,dev_70e9d0a839
customer_cb76df9b46,dev_2656a93e68
customer_3226198347,dev_160dfd0837
customer_54f7745d36,dev_aaf3eaea7c
customer_54f7745d36,dev_67527eff30
customer_f9620ed929,dev_09e61582fd
customer_8733c9e161,dev_86e9f12cc8
customer_8733c9e161,dev_fbc0f57b0b
customer_a7317fad76,dev_02f027417a
customer_d60dc3f739,dev_f736979ac8
customer_bd12be5a05,dev_d8caee312e
customer_ac2c315d1f,dev_ef141c0b03
customer_8e17addeaf,dev_d8ea657089
customer_8e17addeaf,dev_ad67f70df6
customer_f52248faec,dev_840d621276
customer_f52248faec,dev_b738a70494
customer_4eff06faca,dev_abee7afc1c
customer_3bdffe85c5,dev_d63a2cff5e
customer_78134bd03f,dev_c187b639e1
customer_133735f1f8,dev_5ef2e44185
customer_49c27ea7cf,dev_961d7494d0
customer_49c27ea7cf,dev_817e93d862
customer_381ed0bc84,dev_67527eff30
customer_d05a3f69ff,dev_33913b8dde
customer_aec64b62d3,dev_521055c126
customer_aec64b62d3,dev_cc23f0d894
customer_b07da27fb0,dev_4c4c9d1971
customer_43e9908661,dev_7e86b0b1a3
customer_c58cc780ea,dev_895a7f30d4
customer_32ab19b6f5,dev_2c6c4f79d3
customer_eb0fb76d2b,dev_09493ea08d
customer_a9b7cfa1f8,dev_7351630335
customer_9a800ee7cd,dev_22ae1d9b3a
customer_f8b6048fcf,dev_4a183065f7
customer_973eae18e2,dev_aea0e2f239
customer_67b7587ea5,dev_ffdece69fe
customer_31af927c95,dev_2c273190fa
customer_ba79de93d2,dev_22593cf75a
customer_150048bb8c,dev_5a8d13717d
customer_d21a66755a,dev_6a76436963
customer_6f0bcdbf8f,dev_8ffa976753
customer_62f9a78bb6,dev_ad67699386
customer_b3e5feb889,dev_dcd9464146
customer_6056f0e365,dev_307abcd0a9
customer_6056f0e365,dev_560e51f4b8
customer_ff0d4f9227,dev_c6a615cae5
customer_0f2cd8371b,dev_3d404ad01f
customer_791c0a5476,dev_9db5167526
customer_9fcd01c5c2,dev_5147a5cd4c
customer_d3ab9c65d4,dev_f0f84393cb
customer_cc3270d4ee,dev_fea7590013
customer_f1cbe0adb6,dev_bb9544c2cd
customer_18dd490b58,dev_c0fdfa37a1
customer_18dd490b58,dev_4f39ce7b19
customer_ec1c18a505,dev_9bc3647228
customer_df40b2a2ba,dev_de94c07611
customer_df40b2a2ba,dev_a01753ef29
customer_cae36a048e,dev_59f64e8372
customer_57433fb2b7,dev_16eb8472f2
customer_57433fb2b7,dev_466b5a786a
customer_af4ca6f7ee,dev_472eeba916
customer_27b96d4d33,dev_9df0664b76
customer_27b96d4d33,dev_b64a85ac2f
customer_01f8b817bb,dev_36db38ae40
customer_8275f3b88a,dev_7f294e0a1d
customer_29f361df14,dev_39ca13fe25
customer_1674d7bba3,dev_01edc6b80d
customer_6295938562,dev_970c9b86ba
customer_1cfd390058,dev_ecb20bdf92
customer_1cfd390058,dev_06c29c982d
customer_32bf152c32,dev_a1c03d5fb6
customer_32bf152c32,dev_5921733013
customer_c21eefd004,dev_0efe300002
customer_c21eefd004,dev_51332cd378
customer_43b700c7b1,dev_11792c0bbd
customer_16d142979e,dev_307e2505cf
customer_16d142979e,dev_f436b1256a
customer_6091b8410b,dev_b8229ed97a
customer_64f45b0f43,dev_33ac121c5d
customer_435d4db68d,dev_8f24b754a9
customer_74860fa6f9,dev_122b73fcc2
customer_bf903a725b,dev_be76148d55
customer_e3781f4b6b,dev_c1230727df
customer_6153e59565,dev_5204ce1004
customer_6865f62eeb,dev_1883b29c70
customer_980824a228,dev_0671390d8d
customer_f5f5453e1f,dev_27578feaa6
customer_d9392bbbaa,dev_3a402ebc28
customer_99495a2698,dev_fb305361b0
customer_01b5dae5cc,dev_02b35ed323
customer_fe8acce974,dev_f8d99654fe
customer_d62b5ff2d3,dev_c2603e9d2c
customer_5bed955a04,dev_d150f8adf7
customer_032cfb2fb8,dev_970c9b86ba
customer_3f9ee0a441,dev_6fcc7ff66e
customer_c1b80d4fa3,dev_ed05cb148e
customer_7dfd2d2e74,dev_73a6319f6d
customer_7dfd2d2e74,dev_3c6dda1d1e
customer_bed7444bfc,dev_436bdf72a5
customer_28f71dbc35,dev_cfd084aa76
customer_2716769d23,dev_38b06f445a
customer_eb5497b000,dev_59f45276b0
customer_2f01f49d73,dev_c06c672700
customer_09ce1b912e,dev_51c44dddf0
customer_a7499fa83f,dev_a97acf3bfe
customer_1732f686fd,dev_66ab0dc303
customer_980af11533,dev_d5c17bb077
customer_899b80d947,dev_686fb2d8ae
customer_3191067ade,dev_9700f135a2
customer_d38e1766b6,dev_553f542600
customer_9dbf316be2,dev_7b4c9ba65f
customer_5ce1af3ee4,dev_e8d2fd8616
customer_a8489ceefe,dev_9ced5f2ff8
customer_24a1dcdfc4,dev_4dcd246aa7
customer_24a1dcdfc4,dev_1f081db461
customer_6fd4ff87e6,dev_727595bf40
customer_84f0f197d0,dev_5d9b915b05
customer_2cf51db795,dev_847a5f67fc
customer_2cf51db795,dev_97830dfc61
customer_3a74850148,dev_33913b8dde
customer_648bee08a9,dev_14ffd6f57c
customer_e6aa879de7,dev_dbf1150abb
customer_586e26299b,dev_c7ed5c38e3
customer_3e67a7d705,dev_31e9ff7809
customer_618a17e9b4,dev_c35547f272
customer_fd9b901df0,dev_027408732a
customer_09ddbb9d58,dev_149f258c58
customer_6f6680a12f,dev_3769be49ec
customer_571ee77e79,dev_37b6b5d7e2
customer_09e4ed2587,dev_29899588e0
customer_28325985a4,dev_179e6e3538
customer_fa97a37dc5,dev_2f2a0c6a4e
customer_2410ae32bc,dev_0700052f63
customer_d7c56ce923,dev_91ae4da2a3
customer_6797b2b7cb,dev_1b26873653
customer_fb2e756df2,dev_5147a5cd4c
customer_fb2e756df2,dev_dd62872117
customer_f7e79feba1,dev_f55db24155
customer_712bb6f7d6,dev_94f01c17bb
customer_d889a1471b,dev_6bab2587e2
customer_ea497fddf9,dev_7110612629
customer_7a899a3a3c,dev_08bebfec09
customer_7c6c8e7807,dev_5920057a85
customer_21b8338eea,dev_bf3fbd8181
customer_cc2df3546a,dev_d107d17277
customer_f3e5dfd225,dev_84e2600913
customer_f52603de0d,dev_08d267c8c8
customer_3b8076c670,dev_b0c601dada
customer_db67bcf8c1,dev_5a7ca9cbb4
customer_66d5bbf72d,dev_f220be0045
customer_66d5bbf72d,dev_166a1eef81
customer_7fc2ad85d7,dev_e8e8f92cce
customer_8eb31b8b5c,dev_b09fe937ce
customer_b86b556964,dev_ba0c784885
customer_b86b556964,dev_43ffa430ca
customer_6d1acdb7ea,dev_73ea5e1251
customer_2abda4e44c,dev_ff8d5e18db
customer_900c5d5672,dev_411a9caf52
customer_3d41d73721,dev_117f694352
customer_e82bf380e0,dev_76342371d6
customer_1fae946b52,dev_5ebf149d89
customer_19b105a742,dev_7b577aae3d
customer_a8b00e97fd,dev_11ee31c149
customer_2d0ef0cc70,dev_fb8fa3af12
customer_2d0ef0cc70,dev_62e79c6797
customer_16b6fda000,dev_479120cc32
customer_3493f319d9,dev_133e912313
customer_3493f319d9,dev_bc8dfc5759
customer_213ac0fbc4,dev_601cfb33a4
customer_587d48438a,dev_10b53e298f
customer_098c5c7207,dev_08bebfec09
customer_1ca3fe4b54,dev_1883b29c70
customer_10b6038149,dev_2b5e0edd1f
customer_446f0b96d4,dev_aa5e4a6bb3
customer_73691018cb,dev_7887d124c9
customer_4ff6c70084,dev_1bf24a96a8
customer_2235dacc82,dev_57fa3f09f8
customer_23e87ff121,dev_d150f8adf7
customer_6a84c59854,dev_adf479eec3
customer_bb5ee60d67,dev_944ffb078c
customer_bb5ee60d67,dev_96f81d9157
customer_f3aaf2ac5a,dev_92feb02727
customer_f3aaf2ac5a,dev_0dc66cf62e
customer_035a95dc7f,dev_6ee7e2eacc
customer_9ba35be386,dev_c53befad9e
customer_756006630a,dev_578af4dfee
customer_775951b01a,dev_bc6dd6c9bc
customer_775951b01a,dev_c5ceffc157
customer_7e328dfb22,dev_3d5d04f802
customer_ccbd68879d,dev_17d95f094e
customer_e88a3a5ca1,dev_a7bf606c36
customer_f440d2ffac,dev_c6f8248638
customer_d8d9ab350d,dev_c9b0e5a181
customer_79a1437bee,dev_2460c24c07
customer_b282dc1e2c,dev_c1e16dd637
customer_b282dc1e2c,dev_b4e3ee47bb
customer_206ff3392b,dev_80839174fc
customer_8655b2a360,dev_e5fcd71813
customer_78ae6fc6bb,dev_c2603e9d2c
customer_ddb8c7f7b2,dev_e1e71f4e95
customer_e3c31a28b8,dev_895a7f30d4
customer_4de9ffc171,dev_aa098662aa
customer_4de9ffc171,dev_57e4334e06
customer_b01165fc05,dev_df321ceb08
customer_b01165fc05,dev_ceb0187ed8
customer_f87a348f0f,dev_51d68d67dd
customer_041e8b4ae6,dev_c46f715e25
customer_208541f9dc,dev_85eea0328c
customer_a2320889e4,dev_e1e71f4e95
customer_e174126fb1,dev_37e79df9b6
customer_381784ca9f,dev_d78d6ad3da
customer_66ed4df817,dev_005c39a4a9
customer_f77248ece2,dev_366d2f67ac
customer_a36f3cb42a,dev_e787ccb8c1
customer_a36f3cb42a,dev_0e10d3456e
customer_5b2439efc9,dev_508f97d16c
customer_83064849f6,dev_797f866a84
customer_6139dc72ad,dev_0da32b4835
customer_9bbf83c9be,dev_22ae1d9b3a
customer_daae309da6,dev_a0585478b9
customer_959aa00ccc,dev_1c4d35cfac
customer_fb2ac194f1,dev_4a73bf13c9
customer_a208aff649,dev_ecd4deea4e
customer_41cea9b1cf,dev_300a9a9f84
customer_ca652c07c6,dev_4bb321ebcc
customer_0586d73d91,dev_57dd75b626
customer_2701862bd3,dev_071f905bd2
customer_45fd987ba9,dev_6d929a1d31
customer_dd67760a43,dev_b2bbc58b24
customer_bf63056130,dev_cb6a77f5ec
customer_1bbebe1a5b,dev_f7baa6b066
customer_9dd1ee1357,dev_8502ceedc4
customer_2b39b42608,dev_5ac232109d
customer_2b39b42608,dev_93d07ed2cc
customer_5121703e8f,dev_5744e56f81
customer_5121703e8f,dev_72d51a1ce2
customer_6203094aeb,dev_5d93afdb2f
customer_66d61c7e39,dev_980249949c
customer_7d32be9ec3,dev_a6707ca607
customer_ca381bdee7,dev_27eb4f8443
customer_42339ab839,dev_ef2bc8033e
customer_1948f74824,dev_4e34e43f0d
customer_ecff443546,dev_213326ab0e
customer_ea5c10d626,dev_dd624a4cc6
customer_ea5c10d626,dev_7352428aaf
customer_d4f8b7883c,dev_bc8dfc5759
customer_00fe1d0617,dev_78f33c0267
customer_e148e697de,dev_61cffed766
customer_8f9836bbcc,dev_578af4dfee
customer_347fdcfad6,dev_2460c24c07
customer_a2c2be3a67,dev_d3cb458c1a
customer_a49b1b4305,dev_afb99a00b7
customer_91bfb53515,dev_c9ebed69bc
customer_21c906f7e7,dev_cd9b779b25
customer_a494a7e3ed,dev_2f2a0c6a4e
customer_d8614ba7ff,dev_90eebdb7e2
customer_13acce4639,dev_854fb31773
customer_55b61706b4,dev_b3fda498e6
customer_11e8b5157a,dev_fbcdea03b8
customer_11e8b5157a,dev_14190c7f9b
customer_b77aedb638,dev_03ad9acf79
customer_5d194db73c,dev_75f23cd88f
customer_e2db54a4ec,dev_bda5d3ae65
customer_98558963a9,dev_fea7590013
customer_6ee4804f4f,dev_1883b29c70
customer_bf8276d31e,dev_78cce8ad5d
customer_36608b8db8,dev_d578555125
customer_be94462b5c,dev_ecaf2610c0
customer_68dc6ee00d,dev_b470a5dc59
customer_a4b79d1d6c,dev_8178a1ecc8
customer_7e1d327dc1,dev_32acca8b2b
customer_26cd22c1c2,dev_02f8942e70
customer_d6be2274a4,dev_b9a552d691
customer_9fd37476d6,dev_ce78910b60
customer_7246b0e789,dev_46bf5864cb
customer_7246b0e789,dev_976db20c15
customer_3b0dd035fe,dev_166a1eef81
customer_3826b43a5d,dev_aa098662aa
customer_0861f0e2ae,dev_f220be0045
customer_a150336fbe,dev_b199d8edcb
customer_a150336fbe,dev_677d359b33
customer_21f0904bfc,dev_6dec2e3e1b
customer_0a0cac9fcf,dev_f436b1256a
customer_79ad1bbcea,dev_e0e9a1c595
customer_79ad1bbcea,dev_f3cd4f9263
customer_84e57e1ba3,dev_6c1ee68f54
customer_b005a2fd0a,dev_eb1f145b69
customer_b005a2fd0a,dev_60441e0930
customer_9f921f5ccc,dev_51332cd378
customer_146d184d4b,dev_8cb6326eb4
customer_146d184d4b,dev_8ea6966060
customer_cb4431315b,dev_58994ef37c
customer_cb4431315b,dev_06ea49853a
customer_1af7a4319a,dev_12d2e44cc0
customer_27db5b0296,dev_5a0109757c
customer_1d46859e6b,dev_22e053a2ee
customer_6aee7c9d45,dev_e35fc4a3a7
customer_9a67c804e8,dev_b3bc0fba30
customer_9a67c804e8,dev_b342441dc9
customer_efe60f9f62,dev_b8601811fa
customer_374f49897a,dev_598262c83e
customer_6b280ba063,dev_38cdd8b68f
customer_1fe2c89da8,dev_ad8782142b
customer_b176c29713,dev_6d46dcb8e5
customer_1ad148249a,dev_0ecbb5e4e7
customer_5aaebb2ad4,dev_f8d99654fe
customer_3bf79138af,dev_4663e4ac56
customer_8eb47e332b,dev_53ba66f416
customer_a6a29afd31,dev_732ed16885
customer_daf7c5b48b,dev_387f31e3e5
customer_4dcb3b13fd,dev_31ec92a61d
customer_cf1e17e953,dev_0f9a93560e
customer_f02b7268b3,dev_29f421ccf8
customer_862cd59ef2,dev_c26aa43f04
customer_b4e1c9e1cb,dev_2656a93e68
customer_2c1c107ab2,dev_6899941907
customer_4c6d01a4bb,dev_61ac3fc0f6
customer_7c4ad26042,dev_26ac0866a7
customer_59d2e63d9c,dev_6c5444858b
customer_47a7c224a7,dev_03ad9acf79
customer_47a7c224a7,dev_6c0c446323
customer_7a23eb83e0,dev_1ba8227536
customer_2cc61304c6,dev_15b5cb959d
customer_be5d81b47f,dev_473e0afacc
customer_be5d81b47f,dev_7a12b3ba64
customer_c4694a0803,dev_09895c4085
customer_8f30db9d38,dev_da0f14a207
customer_8f30db9d38,dev_e61bbd3b46
customer_2f94f75a89,dev_4af1a23b84
customer_df8b8d6515,dev_a7bf606c36
customer_dbb5eb7c58,dev_724a383de5
customer_066a5cfae8,dev_310f70b382
customer_72789ff97a,dev_fe9ac1fcfd
customer_7d1916f998,dev_5e5d8a6db5
customer_3c4819e849,dev_92feb02727
customer_36cb36a363,dev_93d07ed2cc
customer_405e42bc2f,dev_0751f931d5
customer_7640151c34,dev_e992cfa8d7
customer_627754fed1,dev_69b823be7c
customer_1fe756362d,dev_6d1f3f7d64
customer_04a50aa270,dev_7bce6e8dd6
customer_516845b3dd,dev_70e9d0a839
customer_b016fcbea6,dev_366d2f67ac
customer_ac07492ed1,dev_c04b4723d3
customer_36d7cdb9e5,dev_1905519bf7
customer_c6075c04eb,dev_c3608ba499
customer_3ba8bff72a,dev_571c5b2056
customer_3ba8bff72a,dev_80e1eea8ef
customer_633325abf3,dev_4a79abbfd7
customer_957651fe21,dev_17f675567c
customer_2f552ee094,dev_55abd7e68d
customer_7fc6e63392,dev_85e676ff35
customer_71c5544ef2,dev_ef7f09f83a
customer_d678ff56cf,dev_4789987d4c
customer_7af4ffec49,dev_2577cc39a1
customer_c355a89572,dev_ffb09095ea
customer_cf41dbae82,dev_57d6b12ee7
customer_fdc77cab1f,dev_8f85ec135d
customer_9fadb5c8e8,dev_7cedffeb0f
customer_1a8b1a33c7,dev_f24bd05902
customer_1a8b1a33c7,dev_42488bc2c4
customer_124ba930b0,dev_386997cf11
customer_7f4ad77fe6,dev_ff8d5e18db
customer_2503aac9b7,dev_c8a313bc01
customer_b457fff9f5,dev_158a5943a6
customer_ae66353977,dev_6e7cd4b2eb
customer_572d4a9ed0,dev_586497e374
customer_97dbcfeaf3,dev_6eb0ff6d61
customer_1164c1cd67,dev_30ee0d3d0c
customer_87a11bc5c3,dev_3ad74ed07e
customer_87a11bc5c3,dev_cf4c07a0c3
customer_400b12629f,dev_b70c5d4ebe
customer_24905942ff,dev_71b51af6c2
customer_85e34b74e5,dev_5887c891ff
customer_85e34b74e5,dev_642705f192
customer_3c1faa0562,dev_732f77198c
customer_364103b190,dev_817e93d862
customer_361ec6e4ad,dev_544c0ef059
customer_2195acda94,dev_9acac11428
customer_a9d583f97d,dev_917ce1f138
customer_a9d583f97d,dev_671083f937
customer_b83d5486f1,dev_fd4424c62f
customer_157abdd656,dev_fea2d8a1df
customer_0863bc76dd,dev_cd9b779b25
customer_88f34f6469,dev_9ca9d37d87
customer_88f34f6469,dev_31aa28df48
customer_b2fbd37da6,dev_b9562e0c02
customer_b2fbd37da6,dev_29f421ccf8
customer_6e3178049f,dev_70509c5bef
customer_aec648f994,dev_003276f722
customer_1f53540f3c,dev_84b87e1827
customer_bbfe49016c,dev_a492ae2056
customer_4d51cdfc6d,dev_6222863060
customer_d86255d2b5,dev_78f33c0267
customer_9ca7d74664,dev_0dc02e7cc0
customer_aab8f9342c,dev_ac652746a1
customer_0c99194472,dev_9c75ca6bdf
customer_0c99194472,dev_90eebdb7e2
customer_700a7c4346,dev_38fa077c69
customer_65643873c6,dev_560e51f4b8
customer_65643873c6,dev_c0fdfa37a1
customer_5153817f3b,dev_aea0e2f239
customer_71de4f7c81,dev_c05c2d9b88
customer_8385d72fff,dev_1c5bdd652e
customer_9963f98c3d,dev_3313d8e481
customer_1e364ee7c9,dev_08cd9e3019
customer_1ab87d1687,dev_67668a804e
customer_c15c4f5a60,dev_22509a46da
customer_f358e0fbeb,dev_4a1477590e
customer_df0e91f46e,dev_498fcb96a8
customer_fbd8af45bb,dev_fe80f9283f
customer_aefe97a80b,dev_d71ef6941a
customer_ca93b8418d,dev_7e517fe415
customer_ee85040257,dev_65de013e18
customer_c346340b9e,dev_31ec92a61d
customer_a65ba4a88d,dev_81fb6ba820
customer_a65ba4a88d,dev_3f8d839b94
customer_f4743ee83e,dev_d54c522680
customer_50c3daa2ef,dev_a130491b3c
customer_50c3daa2ef,dev_d062b1420a
customer_0a172a00cd,dev_d7e2219406
customer_c03df3f0c7,dev_f9ee589215
customer_4012b025da,dev_27b937e0d8
customer_df9a05a800,dev_7120d864b9
customer_cce01c144f,dev_2460c24c07
customer_ce23fd5ce3,dev_38901451ab
customer_fb56f00eef,dev_c7ed5c38e3
customer_1dd49da77a,dev_dcc9aa4baf
customer_f538203b72,dev_3d33922ea8
customer_749a39fda8,dev_57d6b12ee7
customer_1b779bac85,dev_33dd8a6e5c
customer_1b779bac85,dev_12e085b855
customer_0a8423c0a8,dev_c70158b7d3
customer_072350cd03,dev_9bc3647228
customer_b269d74992,dev_3be6120d1c
customer_b269d74992,dev_1c5bdd652e
customer_189528e01f,dev_78f33c0267
customer_4677373f87,dev_ad67f70df6
customer_5a9013d6c8,dev_b0880ea8da
customer_a67c9f1157,dev_52563a6622
customer_126d65e979,dev_deffc29547
customer_1e5cdd9164,dev_a1c03d5fb6
customer_92d7c32fde,dev_e787ccb8c1
customer_2df6996c2e,dev_859f90bcee
customer_2df6996c2e,dev_da29fa1da1
customer_34f5ccc65a,dev_81fb6ba820
customer_34f5ccc65a,dev_53c89cd0d9
customer_9224772dd9,dev_94e5ede278
customer_a5ed1e2e26,dev_01edc6b80d
customer_a5ed1e2e26,dev_560e51f4b8
customer_6ad4a8d661,dev_6def6468a2
customer_44e9243dfa,dev_f88b00bf5c
customer_0214bdcb23,dev_9ced5f2ff8
customer_356ea11d95,dev_386e42f336
customer_8512f7bef8,dev_31aa28df48
customer_b525dfb91a,dev_7af43ee186
customer_95903219b8,dev_52a023fed8
customer_1dba719824,dev_d150f8adf7
customer_d0ea3c0800,dev_611fd8c25f
customer_f0a9184c55,dev_92fb71667a
customer_641ce8d98d,dev_b8f5dadc90
customer_de0ff5f573,dev_ef2bc8033e
customer_3ca73779c4,dev_6fa9f68c45
customer_a9b5719917,dev_dac09c0912
customer_711daf6afe,dev_a51926d8ae
customer_ba9ca28bb4,dev_6e5044fadd
customer_b19ffcfd31,dev_a3e79a72b9
customer_94a2e7dcb1,dev_4f3308fcfc
customer_d8174bf15c,dev_8ae61deba3
customer_1306e08259,dev_7af43ee186
customer_e22b898e68,dev_c994b1d660
customer_1560234824,dev_ffbfc929b7
customer_010a9d26c4,dev_3717a3d059
customer_4546971902,dev_014e1c6289
customer_b12262be07,dev_6466fe28e9
customer_c127547ae6,dev_80839174fc
customer_88ea2a89c9,dev_ad8782142b
customer_e99e08a2e2,dev_a1b1cc6a1b
customer_e98790d46e,dev_9e62e2ebc5
customer_e98790d46e,dev_012a42d234
customer_35a327cf90,dev_dd62872117
customer_fbc0b07391,dev_92d6936575
customer_2f09aa56c4,dev_7caff6d0ff
customer_d32b4fc713,dev_a75c2a0339
customer_d176087827,dev_2cf83a3f47
customer_129893ce66,dev_d79c66b9e4
customer_95e87e042e,dev_f9a2c8a204
customer_95e87e042e,dev_1949e42a93
customer_7aab19cec4,dev_de94c07611
customer_6b9fbe247d,dev_ff81ead6d2
customer_0d1fff75e2,dev_30fbc56f7d
customer_282d3b20bc,dev_4bb9389bd9
customer_c1040832ff,dev_adfa0f1cce
customer_39b0801764,dev_08cd9e3019
customer_d9782b5763,dev_3a402ebc28
customer_9af7adcefb,dev_b9fee4442f
customer_c3ce03fb1a,dev_598262c83e
customer_c3ce03fb1a,dev_3cf8f1437e
customer_c69f55cde7,dev_bc8dfc5759
customer_99fa4ada74,dev_325106058e
customer_ed6437543b,dev_5e219b7b0a
customer_0ed0c6c9d0,dev_62f36a3eda
customer_b33f96f081,dev_65de013e18
customer_9bb7137ba4,dev_c26a91c63d
customer_f25fc4ef62,dev_97d5ec20a5
customer_f25fc4ef62,dev_0f8aeee0eb
customer_0e2cb5ac49,dev_3182721673
customer_b9d80b832d,dev_4c8522e0d4
customer_b9d80b832d,dev_e6848eb8ac
customer_6e1f01a0ec,dev_991aa6022f
customer_99ed2119a9,dev_6fcc7ff66e
customer_72e76c92bf,dev_59f45276b0
customer_0f7c8e4482,dev_b4e3ee47bb
customer_0f7c8e4482,dev_b368e440ba
customer_368cdac5f7,dev_d84c6fed25
customer_a2ac761eed,dev_fcdbea15ee
customer_0728ed5a70,dev_9acac11428
customer_ff584e7be8,dev_ac6e2eeac7
customer_5ae9200317,dev_2c6da35b3c
customer_5ae9200317,dev_97d5ec20a5
customer_f4f46d7fee,dev_83d8ffa02a
customer_ef935fd5f3,dev_3ef1c5a72c
customer_1e392ab362,dev_801aef5be1
customer_284c7b71da,dev_dc2989e2be
customer_284c7b71da,dev_30715cdf74
customer_6bfe6da05b,dev_51cfade590
customer_9a4e93bc1f,dev_9258e1259d
customer_1ded6a18ae,dev_51d68d67dd
customer_ac4764ea89,dev_dacaa17aa1
customer_3a76e93cb9,dev_b0b05c9de9
customer_d252e7b120,dev_b6df1e9ce6
customer_d252e7b120,dev_d31b74eae0
customer_c78826fe6f,dev_5ce0e76bed
customer_9274e86e6d,dev_3a01d857a9
customer_13b2d4e736,dev_c187dfd417
customer_9d180cfe0e,dev_ac6e2eeac7
customer_f7f9544f3f,dev_aa098662aa
customer_c21d7ba1fc,dev_87e419a422
customer_c21d7ba1fc,dev_f9d51e0d26
customer_6f94b572d8,dev_a7a5b84feb
customer_3e3fe6fe2f,dev_ffb09095ea
customer_6d324d8533,dev_5204ce1004
customer_c802cfe959,dev_9cdfb072ee
customer_1b97a9ebb2,dev_f736979ac8
customer_4174492ae0,dev_94a0274ead
customer_dcc00b4e56,dev_2d580e5dfb
customer_3d369b2842,dev_6eb0ff6d61
customer_057e4fb0dc,dev_18109bad88
customer_057e4fb0dc,dev_cfd084aa76
customer_1c4c9f4c74,dev_44637ddd54
customer_d0a0e62ac9,dev_24902d25eb
customer_412b61b49e,dev_1efbfea48e
customer_ee2708d2e7,dev_003276f722
customer_467b911aca,dev_4b3beeec4b
customer_467b911aca,dev_8b7872e520
customer_6f6028babc,dev_12b56e16a3
customer_b375e429e6,dev_dd624a4cc6
customer_c8e00c4bcc,dev_38cdd8b68f
customer_c8e00c4bcc,dev_d7e2219406
customer_839e4c0e66,dev_16545e100d
customer_55b23abc93,dev_ac6e2eeac7
customer_5d6273645c,dev_62f36a3eda
customer_2efb8e075b,dev_6ee7e2eacc
customer_748628c234,dev_a61b3e3b7e
customer_17a102e474,dev_edfeda0012
customer_4449e0181b,dev_6066ffb2bf
customer_1cb8d05d84,dev_09e61582fd
customer_af33280802,dev_02a8703f1f
customer_70059ec595,dev_3d270ca6e4
customer_31df5c7bb0,dev_6466fe28e9
customer_367f364fe5,dev_03ad9acf79
customer_367f364fe5,dev_9fb49d0714
customer_4a0aff64cb,dev_94a0274ead
customer_f24cc08e09,dev_c8850245f2
customer_5c2a6630ad,dev_fcdda10ff2
customer_82071aefc3,dev_d79c66b9e4
customer_9492cd29d6,dev_58102d0930
customer_1217cbffd1,dev_7bce6e8dd6
customer_1217cbffd1,dev_425ae02616
customer_592c2e7613,dev_755a95952f
customer_016d046e7e,dev_4a1477590e
customer_18b861346b,dev_c25b2a5d32
customer_8065153f2c,dev_4c824602ba
customer_4d71b57228,dev_765e27ebff
customer_5feb88b158,dev_4e0f30459a
customer_abdc4ac9c7,dev_12b56e16a3
customer_a63f9c9ec6,dev_d4f022955b
customer_548f4a5c91,dev_2f238506af
customer_636a158328,dev_e810928cd4
customer_9f41fbe8cf,dev_a43fc40602
customer_c84c65feed,dev_2f2a0c6a4e
customer_48cea1bacf,dev_dd6bc69c62
customer_48cea1bacf,dev_6fa9f68c45
customer_5d41f0069e,dev_4c4c9d1971
customer_57dce57209,dev_a01753ef29
customer_1e2ede68f5,dev_8ecff9e0f6
customer_01cf253cd2,dev_8ea6966060
customer_4ea6353889,dev_c7678b6c8a
customer_2baa94dc47,dev_65de013e18
customer_2baa94dc47,dev_bc6dd6c9bc
customer_a993da6f4b,dev_bb77d5795b
customer_9b5813b1cd,dev_25793427b9
customer_19f01d1a84,dev_df871c86fb
customer_694577e4cc,dev_d97d923fe4
customer_577deeda92,dev_5147a5cd4c
customer_6472d7d9ca,dev_8a5008db1f
customer_e66567ccfb,dev_197eabb5a6
customer_e66567ccfb,dev_5cf16292ac
customer_0762024e9c,dev_e6848eb8ac
customer_b58e9cb272,dev_1c9a2a3d17
customer_b557bb12b1,dev_ffdece69fe
customer_4049be6dda,dev_dd9098d4f2
customer_7ddb919917,dev_cd2b54fa91
customer_d6b3e38464,dev_cba29224df
customer_c8230b053e,dev_4789987d4c
customer_37795bf5e2,dev_915942bfd6
customer_986a7a42da,dev_82761fe7d0
customer_21ac3dba8d,dev_8cab653739
customer_e75e6f56b4,dev_501d40dd51
customer_82b97a04db,dev_28d7138d42
customer_82b97a04db,dev_f6129f1d7b
customer_e4dc129de5,dev_d4c9aa7f7e
customer_e4dc129de5,dev_8f9704170b
customer_892a6facf4,dev_c7678b6c8a
customer_c818d3db63,dev_3c894a24e5
customer_13c387dfbf,dev_02f8942e70
customer_2ab247be3f,dev_e0c48f157e
customer_cf1a0fa3e7,dev_80cf5dbed4
customer_1cf0c5e1b2,dev_4c4c9d1971
customer_287c7838e9,dev_5204ce1004
customer_d52333640c,dev_a569797445
customer_32cefa0a09,dev_166a1eef81
customer_2e8ccefdd0,dev_85d9e3a9e9
customer_9c08908eb3,dev_3c16c8fab4
customer_aabcf95aa0,dev_eb0f19c261
customer_291c85c72d,dev_61890f3463
customer_291c85c72d,dev_31b724924d
customer_86cadbda5a,dev_72757161f5
customer_3fb42c1170,dev_149e12c670
customer_4d0aea7883,dev_827b8705d7
customer_e0abbd449b,dev_989ee36379
customer_76515b9dd1,dev_125a76ddd1
customer_e2459392ff,dev_3182721673
customer_e2459392ff,dev_42488bc2c4
customer_dfdedfa046,dev_6074f70524
customer_cf6619bc1f,dev_16b5ce44ad
customer_e599726e30,dev_ad3265f2c6
customer_10599c2533,dev_92feb02727
customer_02467f77c8,dev_5fffcb14f1
customer_02467f77c8,dev_6300886049
customer_e6cfef7e10,dev_0d4956fde2
customer_1d4b5c3316,dev_1895bd17fb
customer_97d79a967a,dev_f9355a3c0b
customer_9d4bc9189b,dev_d434884fca
customer_34761e5779,dev_89fcab2ed8
customer_7a70e7d7dd,dev_4ee524c49d
customer_f88435f4d9,dev_5e2477c524
customer_c62d00e011,dev_7351630335
customer_c62d00e011,dev_160dfd0837
customer_d893c0bf8f,dev_6899941907
customer_2a860689d7,dev_991aa6022f
customer_2085f061de,dev_22b58ca89f
customer_f7d6d1c4e9,dev_0f02739280
customer_f7d6d1c4e9,dev_8fceafcb8f
customer_537c7c67f8,dev_436bdf72a5
customer_1dcf1071ac,dev_e7e1f82be4
customer_8ab6146d8a,dev_80ad45fb42
customer_ae6fbb7f69,dev_52563a6622
customer_911ee92bd6,dev_73eda3a979
customer_bed4989d42,dev_e7b4f30699
customer_6c51bee639,dev_92b8420ae8
customer_813afb04eb,dev_628076c804
customer_b82e5b914d,dev_e102169148
customer_77629e0de9,dev_1895bd17fb
customer_54e839a9fe,dev_8fceafcb8f
customer_21d598c8c8,dev_fe80f9283f
customer_760b599c4f,dev_7073f39bce
customer_c85aaaeddc,dev_2f5aff221a
customer_135671426c,dev_3bf1dae372
customer_787dd2dabe,dev_7af142bd64
customer_7ad8aee44c,dev_598262c83e
customer_fba0036d1c,dev_847a5f67fc
customer_99e7538e70,dev_b45a7338d3
customer_2d4edb7bd3,dev_245ff7412a
customer_bd1df50b98,dev_30ee0d3d0c
customer_92b3248b73,dev_d3cb458c1a
customer_ad388e4162,dev_11ed6ddddd
customer_64b7aa827f,dev_26ef0911b8
customer_5ca582de55,dev_307e2505cf
customer_9ebe2852af,dev_6222863060
customer_ad58266264,dev_592bdda002
customer_a70f219fbe,dev_501d40dd51
customer_c0e5f2d1ba,dev_47c45b2abe
customer_87329ad7a8,dev_fb46f44324
customer_fb6d904c30,dev_300a9a9f84
customer_f7ccaa6cd7,dev_01f17c22d0
customer_080dcfa5b4,dev_61ac3fc0f6
customer_21bff2fe38,dev_a349735c80
customer_dcf0e6e1e4,dev_78f33c0267
customer_dcf0e6e1e4,dev_3ad74ed07e
customer_983f898303,dev_c1a924f716
customer_e19f4a7e54,dev_00045d99ea
customer_99804cf8a7,dev_29e72f416b
customer_3af11f2afc,dev_191d0e696e
customer_a5ce2de381,dev_9a6a2aafbf
customer_38dcc60eda,dev_6dec2e3e1b
customer_8bf9dfe401,dev_687b890f1f
customer_a2d8230814,dev_9014159ff9
customer_94b7b109e9,dev_d434884fca
customer_7b2843f7fb,dev_85d9e3a9e9
customer_19d210550b,dev_0d4956fde2
customer_cd706a6c3a,dev_bbd99c1be8
customer_cc6d5a8fa2,dev_2cf83a3f47
customer_9677c0002e,dev_fb27cba925
customer_cec1f240da,dev_e6e398321c
customer_7fcb3887b2,dev_fb995d0cd2
customer_03479028d8,dev_fe290de0b1
customer_d26d227c4f,dev_3a09f56c0d
customer_f57ac07353,dev_17f675567c
customer_75d0a69fdd,dev_198c582233
customer_c4c370975f,dev_7073f39bce
customer_f7d322fcb0,dev_f6eb8d8ef9
customer_d3188fb84b,dev_0beeee3660
customer_1640ffc3e6,dev_508f97d16c
customer_013479041d,dev_578af4dfee
customer_c08692294a,dev_d63a2cff5e
customer_886bfd4e83,dev_ec6c1a1840
customer_6aab5f73c5,dev_da7341a169
customer_db60cb2d79,dev_53ba66f416
customer_ac6ec96ae8,dev_ea51297c87
customer_ac6ec96ae8,dev_0395b58991
customer_727df71dc6,dev_cf7339c7c6
customer_727df71dc6,dev_f2811991df
customer_6db3bc159f,dev_1153beb4ad
customer_e896d67213,dev_20df5ddba6
customer_dbb10acb93,dev_765e27ebff
customer_b789321f4b,dev_98346afb5a
customer_b789321f4b,dev_0d4956fde2
customer_8b960f210e,dev_73a6319f6d
customer_207abc0a52,dev_2460c24c07
customer_b057f96eb7,dev_7d1397a315
customer_a1dc3e34e8,dev_044dca2156
customer_acec61adfe,dev_bb77d5795b
customer_6f0620cdc4,dev_f734b5808c
customer_576eb7c19b,dev_c9b0e5a181
customer_a6442a165b,dev_bc6dd6c9bc
customer_8f831a844a,dev_5e4c0aa5b8
customer_bcca525caa,dev_1582f548f0
customer_54e3c13aeb,dev_f6129f1d7b
customer_a682995790,dev_cce2720c11
customer_7d34d20ccd,dev_356c3e66fb
customer_34d672d4db,dev_d1ce465d35
customer_34d672d4db,dev_9c1ee1d1cc
customer_b9a4f6a915,dev_9310725bc6
customer_a698405aaa,dev_f0f84393cb
customer_d8dac9d165,dev_11d79bb792
customer_525d3587ca,dev_82b089af22
customer_0d568c8e46,dev_41e9ef8e4c
customer_b631c71988,dev_7c2db33398
customer_348b3596cb,dev_c97bc70c99
customer_f621967b5c,dev_83d8ffa02a
customer_35e121a537,dev_741473b9c2
customer_25be654765,dev_07b2254521
customer_25be654765,dev_73eda3a979
customer_adff47f0fc,dev_60e3f20653
customer_d404f4a814,dev_68f96122d0
customer_a3b4b50603,dev_044dca2156
customer_304b9baaa8,dev_09895c4085
customer_6f77874712,dev_e8d2fd8616
customer_24170955de,dev_f14bb3b833
customer_bfbf2bf703,dev_667a5349f7
customer_f3c7edbe7d,dev_0dc02e7cc0
customer_3a11dc34e6,dev_b6df1e9ce6
customer_8e2adae74e,dev_d8ea657089
customer_922734b803,dev_d79f8ed6d6
customer_edf6a71ef0,dev_970c9b86ba
customer_bb7715d1c6,dev_09859a4035
customer_bb7715d1c6,dev_5ccab9da35
customer_4fa6554f2d,dev_faebbdd594
customer_a220db4a43,dev_36ef86b9f7
customer_bc4a2233cf,dev_37e79df9b6
customer_7ef7a7b360,dev_e7e1f82be4
customer_40acce4f7d,dev_cda50432c4
customer_5184fb55b0,dev_a4142d0799
customer_5dccdb2f51,dev_5298714529
customer_5dccdb2f51,dev_59da616b37
customer_2d98457aad,dev_59da616b37
customer_2d98457aad,dev_d19ece39b2
customer_ac06aac459,dev_ceb0187ed8
customer_ac06aac459,dev_f4c9daee72
customer_e70f9b1e1b,dev_970c9b86ba
customer_e05f564dd6,dev_4ac90e8bf2
customer_c545dcbf7c,dev_91ba742b4e
customer_9f2ae93b22,dev_58994ef37c
customer_ff7d7d23f8,dev_5920057a85
customer_b3b7d7cc77,dev_727fedfaa4
customer_074574c42b,dev_33913b8dde
customer_ab86a9a542,dev_18109bad88
customer_ab86a9a542,dev_7e8217102e
customer_788e4936a0,dev_61ac3fc0f6
customer_2084610732,dev_d062b1420a
customer_02313b9db5,dev_7bc53af1cb
customer_3ccee1ced6,dev_a5d6614dc1
customer_f607b2bbca,dev_c3815bb4d4
customer_dca4270b95,dev_245ff7412a
customer_55a2b796dc,dev_34a664bc95
customer_0707e1fab5,dev_c4d6a891c6
customer_10eaa0da2f,dev_c05c2d9b88
customer_34e5603546,dev_71b51af6c2
customer_f16a2171fd,dev_9f4b8542c8
customer_144735354a,dev_4c703163e4
customer_2c32d26622,dev_1c819f6a9d
customer_c73e912f19,dev_ab9951479a
customer_c73e912f19,dev_7f76b10302
customer_bfc0a30030,dev_ae6d6ef44e
customer_bfc0a30030,dev_c46f715e25
customer_9a96943d6c,dev_79bc8c5110
customer_9a96943d6c,dev_86506214e9
customer_0893ce079e,dev_12c00e91c5
customer_0893ce079e,dev_0a92a4ca95
customer_934dc6ddca,dev_4ac90e8bf2
customer_2b0cc8664a,dev_2d88ebb1fc
customer_434424de8e,dev_8f92646dd8
customer_b05beef077,dev_ccf4c626e6
customer_aa4f4ef476,dev_472eeba916
customer_aa4f4ef476,dev_ce5146f8f2
customer_c003bda989,dev_72757161f5
customer_f13cf2cc1d,dev_044dca2156
customer_f13cf2cc1d,dev_c7ed5c38e3
customer_32aff70dd0,dev_4c8522e0d4
customer_9717631e53,dev_31f9b0a98f
customer_a1f7074a24,dev_bff58dd190
customer_4730f62466,dev_e8fb5e8bcc
customer_1ac5fafae9,dev_59d8dda332
customer_4cb9e99140,dev_10fd1afec8
customer_ba046a4161,dev_a724f3e271
customer_7ab4a8b4e3,dev_af12a23ea1
customer_f1d418f02b,dev_785ba48e36
customer_f1d418f02b,dev_411a9caf52
customer_3504894272,dev_253e65a4e2
customer_5eb689f434,dev_50ae63b55e
customer_1df80727a2,dev_74a930ae2a
customer_303a9ee7bc,dev_5e219b7b0a
customer_3950a20d60,dev_7d11934759
customer_11528403cc,dev_da82441017
customer_9e795ef6f3,dev_85fd7a17f7
customer_27def1720d,dev_f6eb8d8ef9
customer_27def1720d,dev_50315c6fac
customer_58274d1c9f,dev_5ac232109d
customer_058bf2000d,dev_0b7e31c176
customer_931f524a8c,dev_9a2214db1a
customer_931f524a8c,dev_bb9544c2cd
customer_66c36c408a,dev_741473b9c2
customer_f34718c05c,dev_8aa06c39dc
customer_360fc38919,dev_e3eca60e36
customer_d0a2fb120c,dev_c3d419ce38
customer_23f0e6fd31,dev_edfeda0012
customer_cfdae291e4,dev_11d79bb792
customer_7b5b25f605,dev_8cb6326eb4
customer_9cf3d88687,dev_d062b1420a
customer_802ccfdec2,dev_2bc2fcce08
customer_802ccfdec2,dev_4d1e1d21a9
customer_b56228de0f,dev_8df934ae3c
customer_b56228de0f,dev_4c824602ba
customer_2f607eef2a,dev_8532a3b168
customer_a8a7ba6185,dev_8ae61deba3
customer_2e09126a82,dev_ca7abbf383
customer_8b67073b7b,dev_ffd44727ef
customer_8b67073b7b,dev_c187dfd417
customer_b6f0d36ec5,dev_d3cb458c1a
customer_b6f0d36ec5,dev_5709939e5c
customer_24dc64dd0e,dev_7a12b3ba64
customer_8b17cc607f,dev_39ca13fe25
customer_d46e3c43e7,dev_9805bd1d6c
customer_8f4892fec8,dev_91e7f79da9
customer_374b6159bc,dev_3769be49ec
customer_279efc858d,dev_ffe8cf6ede
customer_f07958f66f,dev_1b26873653
customer_0b896db33e,dev_aa66006301
customer_1f8602fce5,dev_4e0f30459a
customer_5e998ba3b2,dev_41e9ef8e4c
customer_1ab1d8f6ba,dev_1b26873653
customer_032e25b98c,dev_4054ac36c7
customer_d797e52264,dev_c98e07c764
customer_fd5203e1f0,dev_b3132a11d5
customer_d53bb6fa77,dev_38cdd8b68f
customer_365b6c4eca,dev_391489dd30
customer_5c653f7d35,dev_eac806e328
customer_5c653f7d35,dev_dbf1150abb
customer_69cb0f38d3,dev_9a65e9c49d
customer_9339e558f5,dev_2796adbdbf
customer_d6dce51637,dev_93d5a6df45
customer_2981002c74,dev_8fceafcb8f
customer_8fde63951e,dev_36ef86b9f7
customer_f2706cc2b6,dev_67afdaf6a0
customer_916aeb2c3d,dev_81fb6ba820
customer_6f426c9649,dev_deb7479b12
customer_1609878e0c,dev_40d38acf2e
customer_11fc9d0dc9,dev_4f93cedcda
customer_6933f91d0d,dev_7e1f1d6626
customer_a758141c5a,dev_7b6fee280c
customer_9d19e7dcec,dev_d3ed752c2e
customer_1bf5aba1e8,dev_9e387982b0
customer_5a2adb0410,dev_e4432e3db5
customer_5fe2c549c5,dev_4e6d80acad
customer_5fe2c549c5,dev_a43fc40602
customer_b30054068d,dev_3ff254e4a6
customer_1376e42c8b,dev_dad24e74ce
customer_6fb672414d,dev_97830dfc61
customer_61e36b6b06,dev_1b26873653
customer_dcf3809d25,dev_eb0f19c261
customer_eff40a2fde,dev_4d1e1d21a9
customer_e50ff6a1b4,dev_0a133b085e
customer_5b9c235a66,dev_422a6a6779
customer_5b9c235a66,dev_9665f03f76
customer_7a5b904b99,dev_44e27ced42
customer_4a9954b502,dev_bda5d3ae65
customer_8916bfb548,dev_52b956e5a2
customer_33e1f5e9e9,dev_f8d99654fe
customer_afce964c4f,dev_159b344e58
customer_afce964c4f,dev_b8f5dadc90
customer_112e230995,dev_ac6e2eeac7
customer_489cbb7903,dev_494fb44c52
customer_489cbb7903,dev_a3e79a72b9
customer_075c8a9586,dev_8a5d219281
customer_2182a40dd7,dev_1bf24a96a8
customer_1873c90dd8,dev_add9c103d3
customer_54b44e176b,dev_bed10265f1
customer_514d143828,dev_d19ece39b2
customer_c4725c23e1,dev_279ba76813
customer_4db4508c0c,dev_5b597fe304
customer_09e21b2d5c,dev_916ddc93c2
customer_0feeb1628a,dev_925e1a71d7
customer_c34e82fd70,dev_6e5044fadd
customer_f610f577ae,dev_dfb93d3d1f
customer_1b31f301ad,dev_bf9ae3f7a8
customer_423bfd9ba3,dev_09cb34af5a
customer_a17a9bee5a,dev_5ef2e44185
customer_8b9c94ca41,dev_5d2dbaf095
customer_375a868ce0,dev_687f7c84e2
customer_7107e8f949,dev_4e9a10a1c7
customer_c2b55d81c8,dev_2577cc39a1
customer_47055f93b9,dev_9064a107a9
customer_47055f93b9,dev_6e5cc45fd1
customer_352bdeb84b,dev_57dd75b626
customer_b596c83b5d,dev_7cbb9dc40c
customer_a07c28ec5e,dev_fea7590013
customer_c0fc62a31b,dev_b70493e9f0
customer_8b1710ddcf,dev_8aa06c39dc
customer_7b0b4b7c3b,dev_8800a465a6
customer_84e568048a,dev_eb7bb58508
customer_a307d902f4,dev_57dd75b626
customer_aeff6dfa59,dev_85eea0328c
customer_1ec0c05675,dev_11453d9590
customer_1ec0c05675,dev_16b5ce44ad
customer_98810dcb6f,dev_3d33922ea8
customer_8101cfa9fd,dev_86e9f12cc8
customer_a7a9854b27,dev_36ef86b9f7
customer_43f346f0e7,dev_54de02e0ac
customer_d8ff1ef799,dev_4cb3137371
customer_9cd2e57555,dev_ef74e2bda1
customer_ccfbe37a14,dev_12d2e44cc0
customer_7314f3f3a0,dev_b45a7338d3
customer_68fc3551a4,dev_7f1bd2fcd1
customer_7963978a1f,dev_d5a7a4f2df
customer_a3610bf1f3,dev_15b1185d30
customer_0c1afd02c2,dev_561bbda02f
customer_69555c1151,dev_0a92a4ca95
customer_4771b239a1,dev_10e1a9da2a
customer_6844e29016,dev_8b200f4c66
customer_e7676b2e7c,dev_9f8d1ee8b5
customer_198350e067,dev_8b15978e83
customer_42feab04b5,dev_12ee1c73bf
customer_1ede282fe8,dev_51332cd378
customer_e100930d03,dev_82ee990837
customer_b3ec7c2346,dev_c26f9f3d32
customer_a4ab3f148f,dev_97006f6f6c
customer_bf1cc5d2d6,dev_43efdabf95
customer_08604412af,dev_562710252c
customer_0c2be3dbba,dev_af394adf5f
customer_0c2be3dbba,dev_5ab3911ea7
customer_b29c885b29,dev_857796f219
customer_818e1509b2,dev_da9059d367
customer_450a9570fd,dev_3494c9ccce
customer_d75105c59c,dev_191d0e696e
customer_9e16b38617,dev_53ce0e5f4c
customer_4b6c91f47e,dev_86811ee8c9
customer_f4cf7c50cf,dev_d150f8adf7
customer_4fcf63d7f1,dev_7d11934759
customer_1031aba845,dev_9bc3647228
customer_1834ea176f,dev_c26aa43f04
customer_1834ea176f,dev_f50c1f3784
customer_ca62f1e330,dev_c5ceffc157
customer_2d33fb861f,dev_b70c5d4ebe
customer_69dc84cf21,dev_85061429bb
customer_69dc84cf21,dev_4c824602ba
customer_9e8ec2c002,dev_ca7abbf383
customer_f1ee293641,dev_38b06f445a
customer_9fa0c9fc63,dev_92feb02727
customer_f643e994da,dev_378016b71b
customer_4785018bd1,dev_5a8d13717d
customer_5a81e60428,dev_44637ddd54
customer_eded5738f3,dev_18602d7cd5
customer_7c28b7f759,dev_2f2a0c6a4e
customer_de04a92318,dev_ae5fafc336
customer_36ec7e227e,dev_866eed28d3
customer_35dfd6bfc0,dev_03ad9acf79
customer_59e9c35c92,dev_122b73fcc2
customer_f877cb8c93,dev_e35fc4a3a7
customer_f877cb8c93,dev_2f2a0c6a4e
customer_923a23c973,dev_7e8217102e
customer_30aa0a14ed,dev_53145817ed
customer_30aa0a14ed,dev_0c1470599c
customer_0981f1eaeb,dev_a77d351799
customer_8e761734f0,dev_80e1eea8ef
customer_1791e367cc,dev_967a303229
customer_da855dca96,dev_1a7b39928e
customer_732115d51a,dev_d4c9aa7f7e
customer_018120bee4,dev_4cc2298552
customer_e60f1af6dc,dev_932d283383
customer_e60f1af6dc,dev_b0c601dada
customer_3972d714ef,dev_2ccaece8f0
customer_71076194a9,dev_3a04ac5707
customer_3204a240dc,dev_df65ccfe79
customer_8c25e82ec9,dev_4c824602ba
customer_ecf36b7e4a,dev_5d8545eb00
customer_ecf36b7e4a,dev_34f1aefd84
customer_03f2f175ad,dev_363b629cc6
customer_918241421f,dev_3be6120d1c
customer_9d4d0fc0b1,dev_a9efaa0b19
customer_0ba3b8132d,dev_02da143314
customer_77fbeb0d9e,dev_23bfc67360
customer_77fbeb0d9e,dev_0133c86b30
customer_16350d6ce6,dev_ea76fca0f6
customer_b8f16f4bca,dev_8ce8d56c56
customer_a246f0f3b4,dev_919c89a54d
customer_a7200dac61,dev_0b4bcc5ea2
customer_142697a2dd,dev_667a5349f7
customer_face6b3cca,dev_34f1aefd84
customer_6e8a7f947d,dev_a434266e15
customer_1e20e90d7a,dev_e3ddb1424e
customer_2282a68c1a,dev_4bc6eecf11
customer_eb8acdeeed,dev_6066ffb2bf
customer_3ae63cc690,dev_364fa05c7e
customer_4b981ba2b7,dev_921dbada9c
customer_42ad8ad758,dev_9d71eaf7f1
customer_42ad8ad758,dev_9bc3647228
customer_e63d8b0540,dev_b84dd01642
customer_d28e92f30d,dev_f0cec08168
customer_d28e92f30d,dev_7b41ade19b
customer_c9479f24f2,dev_81fb6ba820
customer_1e6b4fd1c4,dev_c5effc0e25
customer_bdea6b72ae,dev_dbf1150abb
customer_1170fb71ba,dev_7fd8a9e5da
customer_aa3615bc95,dev_ef8bf55f4a
customer_aa3615bc95,dev_ffd44727ef
customer_9ae9cd3021,dev_720d7b7860
customer_c1a5444552,dev_18109bad88
customer_0bbe313039,dev_094b2a82c7
customer_db749ad976,dev_adfa0f1cce
customer_9a083198ad,dev_4ccc276feb
customer_02a48a1b78,dev_dfb93d3d1f
customer_8509147518,dev_158a5943a6
customer_093053ab7e,dev_6a8fa46f5e
customer_d634f24350,dev_f736979ac8
customer_86089ac10d,dev_7ba5dc0a2f
customer_7fd787da69,dev_1f081db461
customer_5f0174a270,dev_64d089fcf5
customer_fa7c36f1ed,dev_cba29224df
customer_c23c89abb0,dev_f4812ad682
customer_ac6db564cb,dev_15ca3ea35a
customer_c5c3755d27,dev_966b1c8506
customer_a89814b7f0,dev_d63a1251ec
customer_5a04fe9f67,dev_c25b2a5d32
customer_ec4badc50c,dev_c26a91c63d
customer_051c82180e,dev_466b5a786a
customer_c7d6fb5e13,dev_1cc91a37be
customer_c7d6fb5e13,dev_533f50440b
customer_8ff1e05ba4,dev_12b56e16a3
customer_dbd9f0cc07,dev_5ef2e44185
customer_6e7db83b3c,dev_c04b4723d3
customer_7151de2a21,dev_c70158b7d3
customer_cd66d4a7e6,dev_48be6a81ea
customer_53f52eed6d,dev_cda50432c4
customer_792222f6fc,dev_9f4b8542c8
customer_6b4d826387,dev_59d8dda332
customer_a50bef9c9c,dev_70509c5bef
customer_4725c4c24d,dev_59fdf6b524
customer_b809a9ec24,dev_dd9098d4f2
customer_8bce38df64,dev_11ee31c149
customer_056c3c77be,dev_6dca1b5b72
customer_ec45b0b6cd,dev_498fcb96a8
customer_a602021aeb,dev_0ecbb5e4e7
customer_4c0eaa8b1b,dev_afb99a00b7
customer_b97dcdf0b3,dev_6b04e03903
customer_b97dcdf0b3,dev_912d211d0d
customer_5c02744a81,dev_d60255183a
customer_7c40f3764a,dev_06ea49853a
customer_9a023b885f,dev_39ca13fe25
customer_9a023b885f,dev_74a930ae2a
customer_3df5e66966,dev_e09be362e5
customer_af9e464693,dev_80cf5dbed4
customer_5b800883f9,dev_57dd75b626
customer_5b800883f9,dev_821242dfae
customer_e0791ac451,dev_abee7afc1c
customer_78ee689a72,dev_858d2d448b
customer_608022724d,dev_91b9b1d1fa
customer_663892faab,dev_1c819f6a9d
customer_afa60dd57d,dev_80839174fc
customer_aa26071465,dev_372fbe5c90
customer_d0e2a3f52d,dev_8cb6326eb4
customer_b373f6db58,dev_1905519bf7
customer_9c63eb9c6b,dev_deb7479b12
customer_1ae887d4c2,dev_921dbada9c
customer_e0fd87431d,dev_5ac232109d
customer_874d98d78b,dev_842958b88b
customer_94149a46c7,dev_d78d6ad3da
customer_67058241bd,dev_1542b3b941
customer_e03452cee5,dev_5bbf8a13f9
customer_ba6f985286,dev_a4142d0799
customer_05169cd6b5,dev_84e2600913
customer_735b1a8454,dev_b4b04965b9
customer_b77126adf8,dev_325106058e
customer_55b7b94448,dev_08bce08858
customer_55b7b94448,dev_6074f70524
customer_2682f92658,dev_2b5e0edd1f
customer_2682f92658,dev_a492ae2056
customer_be2807f4b0,dev_4a4a6ed96c
customer_b2fe58d5d7,dev_6dec2e3e1b
customer_b2fe58d5d7,dev_68b7c03a12
customer_2d751e8bd9,dev_1d6580d26b
customer_22bfeee58f,dev_80cf5dbed4
customer_8a677059b8,dev_989ee36379
customer_c87441a137,dev_76fa2f0f8a
customer_774f629350,dev_d578555125
customer_2f838fcd27,dev_61890f3463
customer_2f838fcd27,dev_7a12b3ba64
customer_11148c6ceb,dev_eb950e37d6
customer_3c0cbd55e8,dev_b22235d358
customer_77bcce42d3,dev_7120d864b9
customer_d7f844c12b,dev_847a5f67fc
customer_9729167c81,dev_9fc085b702
customer_c54e77b55e,dev_187746456c
customer_c54e77b55e,dev_1e21aafe75
customer_712e53bcff,dev_23dcba3950
customer_9bba7258b0,dev_9278060db5
customer_f547977c53,dev_44637ddd54
customer_eb378cb787,dev_9acac11428
customer_7a9c31d4bd,dev_16b5ce44ad
customer_d6790df65d,dev_0f06646010
customer_868c4b717d,dev_ea51297c87
customer_73642c5440,dev_f3436eb248
customer_f1ca50249a,dev_4054ac36c7
customer_833fd06ce9,dev_8a4e3b3fa0
customer_e0ced7ac54,dev_d8e531a282
customer_9a1367885d,dev_c94af30583
customer_97616b5147,dev_12d2e44cc0
customer_77d62a5d43,dev_d062b1420a
customer_77d62a5d43,dev_15b5cb959d
customer_f2ac06d762,dev_387f31e3e5
customer_f2ac06d762,dev_d6e7af9c19
customer_b33046aa2a,dev_4bc6eecf11
customer_30e1a2b368,dev_6e5044fadd
customer_2982790595,dev_23bfc67360
customer_0e92e1d3f4,dev_9ae05009d7
customer_0e92e1d3f4,dev_8b7872e520
customer_9923dba636,dev_46bf5864cb
customer_fcd4693b3e,dev_3182721673
customer_fcd4693b3e,dev_c97bc70c99
customer_269b75c292,dev_3acd38acc8
customer_9f7ba498bc,dev_7d6ac496f2
customer_84542a2963,dev_b22235d358
customer_48fbec679b,dev_5e5d8a6db5
customer_dc78e7746b,dev_12ee1c73bf
customer_06123f84aa,dev_6a76436963
customer_f0120bc127,dev_ac11e2ef39
customer_64ea399d96,dev_7f1bd2fcd1
customer_403c92b146,dev_fa3ccbc696
customer_0da4be3598,dev_8b15978e83
customer_fc60529e5d,dev_8e974930c2
customer_fc60529e5d,dev_eaf339fff7
customer_fcb653b598,dev_fb5120648e
customer_0d193263a1,dev_22f055b249
customer_8b68b9b4ac,dev_25ea0fddc4
customer_544e7dbbbf,dev_ae947dca4d
customer_13b2d92864,dev_307abcd0a9
customer_13b2d92864,dev_6def6468a2
customer_09b859d16f,dev_300ceafcef
customer_ed5e8f2b0b,dev_d13e3a94cb
customer_470bdadb24,dev_965ca6126b
customer_470bdadb24,dev_1905519bf7
customer_b1db069feb,dev_d78d6ad3da
customer_e930142f0b,dev_0ed2dd2efe
customer_834082a1e3,dev_a67ca67baf
customer_27654327ab,dev_0cd50058de
customer_f62fab88cd,dev_2b662c2586
customer_f62fab88cd,dev_7c22e1b579
customer_987d167593,dev_183d1623df
customer_8e20624c64,dev_14ffd6f57c
customer_b70efac0f1,dev_73eda3a979
customer_92bc029134,dev_c8d62300dc
customer_f547f489d4,dev_54d4a3c249
customer_372de0c3b9,dev_7e517fe415
customer_d6891aac71,dev_9b6ff6a584
customer_ed4b86edb4,dev_605fb54947
customer_9d26014e51,dev_965ca6126b
customer_36635deeb2,dev_16eb8472f2
customer_c882544ea7,dev_0b7e31c176
customer_c882544ea7,dev_80e78490a5
customer_76004bfbdd,dev_0e7f52d548
customer_8cc06735f5,dev_e992cfa8d7
customer_adc9bd74e9,dev_8ce8d56c56
customer_b950835c84,dev_3ef1c5a72c
customer_e4e2a31a59,dev_c26a91c63d
customer_988bdc7459,dev_1cc91a37be
customer_d2590383fa,dev_eb1f145b69
customer_75d8c5fe4d,dev_f177d82e63
customer_75d8c5fe4d,dev_d60255183a
customer_026640149f,dev_67ec7ed74e
customer_dd0bc8174e,dev_50ae63b55e
customer_dd0bc8174e,dev_c8850245f2
customer_a557776dfe,dev_c68a8930a9
customer_0f7ad11b57,dev_18a18fe98c
customer_e8830e4e17,dev_59fdf6b524
customer_e8830e4e17,dev_02da143314
customer_3ebaf7e3de,dev_d5afe23207
customer_3ebaf7e3de,dev_98f9122b76
customer_b03f1c9174,dev_37b6b5d7e2
customer_b03f1c9174,dev_071f905bd2
customer_54f23e2711,dev_3a5c8850d3
customer_669d476a96,dev_37fd7a4081
customer_fb0ba6cda4,dev_818f645d96
customer_fb0ba6cda4,dev_7857130973
customer_8b3ea17b1c,dev_0ed2dd2efe
customer_8b3ea17b1c,dev_8baaa272bf
customer_6a29b8dfb2,dev_499bfc6cf2
customer_ca936fbf5a,dev_ba1c46c4d0
customer_666bdafa42,dev_325106058e
customer_9d75952610,dev_46bf5864cb
customer_f4af54a669,dev_d63a2cff5e
customer_d77f87d1e0,dev_bbbcea6652
customer_d77f87d1e0,dev_9cdfb072ee
customer_8f33ce7fed,dev_c46354c42e
customer_8f33ce7fed,dev_2b8404d0bd
customer_8ab9233507,dev_aa66006301
customer_33bb59224e,dev_6222863060
customer_aa8005a5b5,dev_83addc8908
customer_05abf09552,dev_d521b7faca
customer_c1c1f96bb0,dev_b9b13b217f
customer_79af84a90d,dev_c97bc70c99
customer_9e9367ae75,dev_32acca8b2b
customer_ce2e6b502a,dev_e471d0090b
customer_ce2e6b502a,dev_356c3e66fb
customer_b3c7040263,dev_37fd7a4081
customer_a2e7de4987,dev_366d2f67ac
customer_5dc0ba0db1,dev_bfada4a7ab
customer_1e2ea61979,dev_847a5f67fc
customer_48a5a3a00a,dev_05d9b0a83b
customer_55961d3816,dev_d362fb075b
customer_fb9aeb789f,dev_53d271f929
customer_37a351caab,dev_fb727a46e9
customer_6279f393d0,dev_0f9a93560e
customer_5611dc7aeb,dev_9f1b696a82
customer_7477e8f562,dev_a01753ef29
customer_b0564fcd8c,dev_24902d25eb
customer_c400d2f358,dev_005c39a4a9
customer_6287e018a1,dev_51d68d67dd
customer_518b2d1e96,dev_cc0f7ff343
customer_518b2d1e96,dev_c46f715e25
customer_9f4fcd1cf7,dev_67668c5570
customer_0bd9ec660a,dev_a61b3e3b7e
customer_c7f45c428e,dev_5b597fe304
customer_19eaf933ad,dev_0f9a93560e
customer_52ccc4396c,dev_8c84c92092
customer_aac07872ff,dev_da7341a169
customer_1f4d379b72,dev_d3ed752c2e
customer_bb4cd1ae87,dev_7dc95e7727
customer_bb4cd1ae87,dev_cace02b524
customer_cb1b263820,dev_198c582233
customer_6f0c1385f2,dev_1582f548f0
customer_cf3def8ec7,dev_03dbd99cc3
customer_66269ca16a,dev_130b3dd5dc
customer_4ece3e0be8,dev_97d1cc466a
customer_53ba937bfb,dev_7e517fe415
customer_b66e1f1927,dev_f4182af557
customer_70c1f3527c,dev_8f590014f5
customer_2d87641dd7,dev_4c703163e4
customer_2d87641dd7,dev_dd28e77af9
customer_711e1e8478,dev_9133defcf8
customer_b375e966d9,dev_d2bf9521b3
customer_c60397b0f8,dev_4402ea6b0b
customer_1e466381d3,dev_37847a0b9d
customer_3b40151b46,dev_79f7835a04
customer_b6b5c00983,dev_72d51a1ce2
customer_b35de37873,dev_84854763a9
customer_b1be888859,dev_858d2d448b
customer_3fb9a7214e,dev_8cab653739
customer_0edbdb566b,dev_5a98a8bf05
customer_a708b461cb,dev_8f590014f5
customer_f1168af04e,dev_c35547f272
customer_948d9bb058,dev_5104808956
customer_253578485a,dev_25793427b9
customer_253578485a,dev_76083a59f3
customer_e1d7149780,dev_02f027417a
customer_f276006280,dev_90eebdb7e2
customer_46c2cf2e12,dev_09895c4085
customer_5d171f3018,dev_c97bc70c99
customer_d163e05108,dev_ff8d5e18db
customer_94f79f5c22,dev_d362fb075b
customer_d90c7e800e,dev_b99626a607
customer_04e13c8afb,dev_6446cc2173
customer_0196e4da33,dev_eb950e37d6
customer_5314bc3735,dev_af394adf5f
customer_b2bee6d3da,dev_4b1b285ba4
customer_b48f28d774,dev_86c58f736a
customer_e24e28fa20,dev_9f8092a098
customer_ff93211328,dev_08d267c8c8
customer_ad7041e65b,dev_630384f17e
customer_008a7bd674,dev_858d2d448b
customer_221ad66885,dev_deffc29547
customer_9e1fcdca87,dev_980249949c
customer_fa937cd308,dev_1a7b39928e
customer_56892342c6,dev_2d88ebb1fc
customer_80aff44916,dev_96f81d9157
customer_858e138e06,dev_e40a31a40e
customer_d9d7561285,dev_a7bf606c36
customer_97d2c40588,dev_09e61582fd
customer_cbbf9ea3a4,dev_b8229ed97a
customer_cbbf9ea3a4,dev_35bfbbc6d0
customer_4a7dde174e,dev_86506214e9
customer_cabfe26d1b,dev_9568f5b4fc
customer_94b57a989f,dev_603e0fee86
customer_b67aebb5fa,dev_1700aa68ae
customer_e6627e558b,dev_41e9ef8e4c
customer_e6627e558b,dev_fb8fa3af12
customer_852a75c82c,dev_15ca3ea35a
customer_852a75c82c,dev_b9a552d691
customer_43015ca3cc,dev_328b9d2b5c
customer_8eaf936d06,dev_6c1ee68f54
customer_05bd6dde49,dev_ae8d8fd37f
customer_05bd6dde49,dev_bd30e36f48
customer_6e37a7a673,dev_6b04e03903
customer_430b681348,dev_41bb2dd6b3
customer_80936d3966,dev_9a2214db1a
customer_4f7b1a92fd,dev_78ccd3187f
customer_bd560e2d14,dev_5c7b780853
customer_bd560e2d14,dev_425ae02616
customer_eff0ff7c81,dev_55d60a33d6
customer_790474b9da,dev_65de013e18
customer_f1d5fc57fc,dev_2c08888551
customer_bc3ae75395,dev_eb7bb58508
customer_bc3ae75395,dev_16b5ce44ad
customer_8d60152e74,dev_dd6ffdcc62
customer_532b8be7ee,dev_133e912313
customer_a7de15eec5,dev_2ecbfda319
customer_daf7f9487d,dev_094b2a82c7
customer_fd151698ea,dev_10fd1afec8
customer_d601086324,dev_976db20c15
customer_db80e32610,dev_deeddf6661
customer_16c1c60a2a,dev_9745ec2c4f
customer_38b51562cd,dev_5e4c0aa5b8
customer_38b51562cd,dev_ce5146f8f2
customer_673c01875a,dev_22b58ca89f
customer_0995ddc0cc,dev_c26f9f3d32
customer_2e6245d483,dev_29f421ccf8
customer_c5cc328f19,dev_5d24290a33
customer_32ce9d7424,dev_700d185139
customer_32ce9d7424,dev_3a400216de
customer_e6140f4be2,dev_f8d99654fe
customer_9d66e6f2ed,dev_8a0ba57c09
customer_765bfd8db1,dev_40d38acf2e
customer_f41415488a,dev_223318649d
customer_081ad4c4ba,dev_9e62e2ebc5
customer_132b7d06f2,dev_b5bf0e5d50
customer_72c9dfe1a4,dev_33ac121c5d
customer_b2f3f287ef,dev_72dd75a378
customer_6daa09e748,dev_e102169148
customer_1d43fca411,dev_77d6a9ad93
customer_a3893690eb,dev_57e4334e06
customer_64a8d80bef,dev_c994b1d660
customer_92650a3613,dev_10fd1afec8
customer_b9b4314359,dev_93d5a6df45
customer_f4532f55ae,dev_8502ceedc4
customer_2e5502851a,dev_16b5ce44ad
customer_4519712d7f,dev_592bdda002
customer_d8b3a8e7e9,dev_7a930a4894
customer_d8714de2b6,dev_f2e3a80412
customer_7677c0157a,dev_628076c804
customer_acba87d536,dev_53c89cd0d9
customer_28b52b0ffa,dev_3b12e459f0
customer_f5ae09d0d5,dev_d51b7e0b21
customer_189d52e8e9,dev_0999f95dd7
customer_e91916bb9e,dev_fb46f44324
customer_5e054d2056,dev_d4e78ad0b5
customer_cd564ae427,dev_b0c601dada
customer_b400c64cb9,dev_cee8807cc0
customer_08659cef69,dev_1b160a333f
customer_41605feaae,dev_fcf9338479
customer_f5c0c3b30b,dev_1a18d6da5a
customer_4c7f05e5e7,dev_c8850245f2
customer_9d04c5e327,dev_4753f94bb5
customer_91d6176305,dev_6ae6d7b3a5
customer_7fe646d797,dev_e9043a30f0
customer_20dc43e80a,dev_2a73688c77
customer_3db8f59d73,dev_da7341a169
customer_f2e5b78bf4,dev_8df934ae3c
customer_9e283824e5,dev_3bd2fbd8dc
customer_f16bf58882,dev_b9a488a879
customer_da33ddd514,dev_1542b3b941
customer_f3051cfc5f,dev_6a86338dfd
customer_23b3156363,dev_4e0f30459a
customer_23b3156363,dev_e5c4ca26c4
customer_dfc65a0aae,dev_44e27ced42
customer_dfc65a0aae,dev_d54c522680
customer_3c1c0fd1b1,dev_63eb1f4199
customer_4a5f008910,dev_630df6fd00
customer_b0710144bd,dev_386997cf11
customer_3bb524faee,dev_6006edecf7
customer_3bb524faee,dev_364249c3a7
customer_368f7c068a,dev_8a4e3b3fa0
customer_38d1ae1718,dev_c6a0978f3b
customer_618f2c07f7,dev_9805bd1d6c
customer_45cdc7d334,dev_fbcdea03b8
customer_e1e94367b0,dev_c9148ad64a
customer_33256e2386,dev_fea2d8a1df
customer_fd320ce787,dev_df871c86fb
customer_fa6f4124c9,dev_92feb02727
customer_cb79970232,dev_ef7aa3bd11
customer_355771700f,dev_98346afb5a
customer_08faeaf377,dev_c72210aa16
customer_8dc224bcc5,dev_c7257808da
customer_271e316c53,dev_07594129c5
customer_4482b9c89d,dev_c3cf08d549
customer_e3d24e5828,dev_d09e61cd0c
customer_fd2f046215,dev_81a8b29fe1
customer_18be6481f2,dev_1274f3978d
customer_216b823ac7,dev_b4015679ac
customer_216b823ac7,dev_fcf9338479
customer_27ad15fae1,dev_eeb89fff4e
customer_27ad15fae1,dev_ef7aa3bd11
customer_84aee57399,dev_761762cf59
customer_84aee57399,dev_0580fd46ca
customer_1c541e2809,dev_44e27ced42
customer_db938fbbc8,dev_c9e427b91e
customer_32d407964d,dev_d0815ef694
customer_fc61d06f78,dev_b738a70494
customer_0ba8c4e165,dev_ffd44727ef
customer_f0593ab743,dev_386e42f336
customer_a7480b6f9f,dev_4d0d239bd9
customer_123381d69a,dev_110f673dd8
customer_123381d69a,dev_7b41ade19b
customer_49477a9317,dev_db6240cefc
customer_7d4fe7ab4f,dev_1efbfea48e
customer_21993f3f2a,dev_37f1de6356
customer_2955d90de2,dev_d0defdbad7
customer_55caaddf53,dev_3ad74ed07e
customer_2f10616c5c,dev_253e65a4e2
customer_2f10616c5c,dev_02a8703f1f
customer_7ad571a5fc,dev_4a79abbfd7
customer_0b586f8bf8,dev_74d47364a0
customer_5ad59fdf61,dev_97d5ec20a5
customer_5ad59fdf61,dev_09873e0ba2
customer_9a5c1182f6,dev_f35a6b41b8
customer_46ee2ca11c,dev_f220be0045
customer_46ee2ca11c,dev_37fd7a4081
customer_be5ea83d1a,dev_edfeda0012
customer_b0767546d0,dev_00045d99ea
customer_a1f23286ec,dev_258e44e431
customer_a1f23286ec,dev_24902d25eb
customer_c6b919ff9a,dev_4f39ce7b19
customer_67f28470a6,dev_1c9a2a3d17
customer_dfe1511651,dev_eeb89fff4e
customer_a5c8ec3ce6,dev_00603cdbc6
customer_e7d41ef9c1,dev_c374ac8880
customer_8cb94d7bd4,dev_d521b7faca
customer_ea776f0d07,dev_3818cbcdcc
customer_27f84e8da5,dev_473fd3dba9
customer_cf75d5587a,dev_b09fe937ce
customer_06b9d67c71,dev_0cce33c959
customer_8b90a94e23,dev_177efff272
customer_8b90a94e23,dev_12e085b855
customer_638dd15357,dev_e4432e3db5
customer_c9c6f0f02e,dev_5b505ee982
customer_c9c6f0f02e,dev_e0d0d43580
customer_cf13a8f91b,dev_705dc2e42c
customer_e0cb38487a,dev_08bebfec09
customer_be500c5584,dev_6c0c446323
customer_73f105591b,dev_97d5ec20a5
customer_fd0d990fb4,dev_05f8a6ba64
customer_34bd33ac53,dev_341b1f6e0e
customer_2037485e37,dev_94e5ede278
customer_2037485e37,dev_27eb4f8443
customer_3d449c6a44,dev_afb99a00b7
customer_e3fc4c33b0,dev_36750280eb
customer_c174ffe867,dev_9a2214db1a
customer_ed8ab2a873,dev_9bea992fa7
customer_5bc8d76a2f,dev_f7aeb2df6b
customer_93585677e1,dev_d01799349d
customer_f5ba49c00d,dev_1b26873653
customer_fa158514ad,dev_f9759e8ae0
customer_b21fd2578c,dev_7c774d263f
customer_f2d3375825,dev_0cce33c959
customer_ccdf2c5528,dev_91e7f79da9
customer_a004ce34b1,dev_4a1477590e
customer_90016b313e,dev_a37dff70bb
customer_5c58bf076d,dev_16e5b41bb8
customer_259059ee10,dev_b496646073
customer_1cc1a48d02,dev_b496646073
customer_17fc78bf0f,dev_b496646073
customer_e693a5896d,dev_b496646073
customer_916f1ad044,dev_b496646073
customer_a50f588aae,dev_b496646073
customer_871c72218c,dev_91f0b26e53
customer_871c72218c,dev_1ca0d5167e
customer_f16d8a046e,dev_1ca0d5167e
customer_24a8a1dd0b,dev_1bbf5453eb
customer_24a8a1dd0b,dev_1ca0d5167e
customer_c417468bca,dev_91f0b26e53
customer_c417468bca,dev_1bbf5453eb
customer_18d751071e,dev_1ca0d5167e
customer_a126d78bfc,dev_1bbf5453eb
customer_8d55b308c5,dev_1bbf5453eb
customer_8d55b308c5,dev_1ca0d5167e
customer_f3d8e7f72a,dev_1bbf5453eb
customer_49a3c7578e,dev_91f0b26e53
customer_49a3c7578e,dev_1bbf5453eb
customer_43c880fc9b,dev_91f0b26e53
customer_43c880fc9b,dev_1ca0d5167e
customer_576cf57610,dev_1ca0d5167e
customer_576cf57610,dev_1bbf5453eb
customer_6d3e1d57c4,dev_1ca0d5167e
customer_afc31634e7,dev_1ca0d5167e
customer_42578b981e,dev_b00a1d219c
customer_42578b981e,dev_32ed236ced
customer_684d32cf3c,dev_32ed236ced
customer_684d32cf3c,dev_a831b804f9
customer_0e99b27e9a,dev_32ed236ced
customer_4a10b1355f,dev_32ed236ced
customer_172a85ee43,dev_b00a1d219c
customer_172a85ee43,dev_a831b804f9
customer_4aecb3719a,dev_32ed236ced
customer_d9fbc583a9,dev_a831b804f9
customer_80bae70f36,dev_32ed236ced
customer_9cb9d3f679,dev_a831b804f9
customer_9cb9d3f679,dev_b00a1d219c
customer_504c048e17,dev_a831b804f9
customer_3dc4b1b351,dev_a831b804f9
customer_3dc4b1b351,dev_32ed236ced
customer_64eb7beaab,dev_32ed236ced
customer_64eb7beaab,dev_b00a1d219c
customer_404e15f70d,dev_32ed236ced
customer_730fdd8cf1,dev_207f9d5986
customer_730fdd8cf1,dev_921331c14d
customer_730fdd8cf1,dev_122b73fcc2
customer_730fdd8cf1,dev_44637ddd54
customer_a9dcaff8b8,dev_207f9d5986
customer_a9dcaff8b8,dev_921331c14d
customer_5f8a1d1a78,dev_921331c14d
customer_0b918ee076,dev_207f9d5986
customer_4d2163cbcf,dev_207f9d5986
customer_128ebf5b68,dev_207f9d5986
customer_3f9dbcd90e,dev_921331c14d
customer_d64f24d531,dev_207f9d5986
customer_d64f24d531,dev_921331c14d
customer_87c0da9f7e,dev_921331c14d
customer_87c0da9f7e,dev_207f9d5986
customer_fdd66e739d,dev_c162de52b9
customer_fdd66e739d,dev_cf247a183f
customer_fdd66e739d,dev_14ffd6f57c
customer_fdd66e739d,dev_e1e71f4e95
customer_0cebd20dd0,dev_cf247a183f
customer_0cebd20dd0,dev_05c951751e
customer_712451de19,dev_05c951751e
customer_712451de19,dev_7d11934759
customer_712451de19,dev_d150f8adf7
customer_f6b017d657,dev_05c951751e
customer_f6b017d657,dev_cf247a183f
customer_a79d19b497,dev_c162de52b9
customer_a79d19b497,dev_c7ed5c38e3
customer_a79d19b497,dev_cba29224df
customer_7645c9774a,dev_c162de52b9
customer_7645c9774a,dev_05c951751e
customer_f303b05052,dev_c162de52b9
customer_f4335a9e73,dev_05c951751e
customer_f4335a9e73,dev_c162de52b9
customer_f4335a9e73,dev_8ce8d56c56
customer_f4335a9e73,dev_c7ed5c38e3
customer_b1e3e35d87,dev_cf247a183f
customer_c1b82836af,dev_cf247a183f
customer_c1b82836af,dev_bc6dd6c9bc
customer_c1b82836af,dev_97d5ec20a5
customer_e48061df33,dev_05c951751e
customer_e48061df33,dev_c162de52b9
customer_e48061df33,dev_22b58ca89f
customer_e48061df33,dev_57d6b12ee7
customer_e48061df33,dev_1c819f6a9d
customer_abf301e477,dev_34088eee8d
customer_abf301e477,dev_5ec734782a
customer_abf301e477,dev_6fa9f68c45
customer_abf301e477,dev_81fb6ba820
customer_abf301e477,dev_aa098662aa
customer_34e8f2a008,dev_34088eee8d
customer_34e8f2a008,dev_5ec734782a
customer_34e8f2a008,dev_05f8a6ba64
customer_34e8f2a008,dev_f736979ac8
customer_3e2a7c639f,dev_5ec734782a
customer_3e2a7c639f,dev_92feb02727
customer_3e2a7c639f,dev_46bf5864cb
customer_808ef4a502,dev_34088eee8d
customer_808ef4a502,dev_5e5d8a6db5
customer_808ef4a502,dev_33ac121c5d
customer_ec20621e27,dev_5ec734782a
customer_ec20621e27,dev_5ef2e44185
customer_ec20621e27,dev_847a5f67fc
customer_9467977a3f,dev_34088eee8d
customer_7ee6f62b98,dev_34088eee8d
customer_c18f308b65,dev_5ec734782a
customer_71adf4d4a0,dev_34088eee8d
customer_71adf4d4a0,dev_f8d99654fe
customer_71adf4d4a0,dev_57e4334e06
customer_3429e19687,dev_f50f65cdcf
customer_3429e19687,dev_d1327d5cb0
customer_3429e19687,dev_970c9b86ba
customer_3429e19687,dev_c8850245f2
customer_eb04993188,dev_f50f65cdcf
customer_eb04993188,dev_2cf83a3f47
customer_eb04993188,dev_e8e8f92cce
customer_b907fe6905,dev_f50f65cdcf
customer_b907fe6905,dev_38cdd8b68f
customer_b907fe6905,dev_5204ce1004
customer_860254584f,dev_f50f65cdcf
customer_860254584f,dev_41e9ef8e4c
customer_860254584f,dev_da7341a169
customer_59272f6a81,dev_f50f65cdcf
customer_59272f6a81,dev_bc8dfc5759
customer_59272f6a81,dev_8a5008db1f
customer_1ccb96cef6,dev_f50f65cdcf
customer_1ccb96cef6,dev_498fcb96a8
customer_1ccb96cef6,dev_50315c6fac
customer_1bccb4ed9a,dev_f50f65cdcf
customer_1bccb4ed9a,dev_0cce33c959
customer_1bccb4ed9a,dev_e8e8f92cce
customer_20423ded21,dev_f50f65cdcf
customer_20423ded21,dev_847a5f67fc
customer_20423ded21,dev_3c894a24e5
customer_990ca3af77,dev_f50f65cdcf
customer_990ca3af77,dev_c6cfdbceee
customer_990ca3af77,dev_3ad74ed07e
customer_990ca3af77,dev_858d2d448b
customer_6d4894c851,dev_f50f65cdcf
customer_6d4894c851,dev_720d7b7860
customer_6d4894c851,dev_363b629cc6
customer_6d4894c851,dev_f220be0045
customer_5e90e2d43f,dev_56353604a2
customer_5e90e2d43f,dev_1834994f26
customer_5e90e2d43f,dev_6074f70524
customer_c9e214e082,dev_56353604a2
customer_c9e214e082,dev_c9b0e5a181
customer_c9e214e082,dev_e8e8f92cce
customer_a0adfff59c,dev_56353604a2
customer_a0adfff59c,dev_d8e531a282
customer_a0adfff59c,dev_9bc3647228
customer_a0adfff59c,dev_c46f715e25
customer_176d8f5e55,dev_56353604a2
customer_176d8f5e55,dev_16b5ce44ad
customer_176d8f5e55,dev_ac4d7d830a
customer_9c92aef517,dev_56353604a2
customer_9c92aef517,dev_b8f5dadc90
customer_9c92aef517,dev_bda5d3ae65
customer_9c92aef517,dev_c26a91c63d
customer_7f4ef3bfbb,dev_56353604a2
customer_7f4ef3bfbb,dev_586497e374
customer_7f4ef3bfbb,dev_5ef2e44185
customer_7f4ef3bfbb,dev_b09fe937ce
customer_fc4f1531d8,dev_56353604a2
customer_fc4f1531d8,dev_7af43ee186
customer_fc4f1531d8,dev_1834994f26
customer_9c51e5a7ce,dev_56353604a2
customer_9c51e5a7ce,dev_08bebfec09
customer_9c51e5a7ce,dev_858d2d448b
